Workbook

Sheet 1월
D6: =G6+M6+N6 | G6: =SUM(H6:L6) | H6: =SUM(H7:H11) | I6: =SUM(I7:I11) | J6: =SUM(J7:J11) | K6: =SUM(K7:K11) | L6: =SUM(L7:L11) | M6: =SUM(M7:M11) | N6: =SUM(O6:U6) | O6: =SUM(O7:O11) | P6: =SUM(P7:P11) | Q6: =SUM(Q7:Q11) | R6: =SUM(R7:R11) | S6: =SUM(S7:S11) | T6: =SUM(T7:T11) | U6: =SUM(U7:U11)
D7: =G7+M7+N7 | G7: =SUM(H7:L7) | N7: =SUM(O7:U7)
D8: =G8+M8+N8 | G8: =SUM(H8:L8) | N8: =SUM(O8:U8)
D9: =G9+M9+N9 | G9: =SUM(H9:L9) | N9: =SUM(O9:U9)
D10: =G10+M10+N10 | G10: =SUM(H10:L10) | N10: =SUM(O10:U10)
D11: =G11+M11+N11 | G11: =SUM(H11:L11) | H11: =SUM(H12:H15) | I11: =SUM(I12:I15) | J11: =SUM(J12:J15) | K11: =SUM(K12:K15) | L11: =SUM(L12:L15) | M11: =SUM(M12:M15) | N11: =SUM(O11:U11) | O11: =SUM(O12:O15) | P11: =SUM(P12:P15) | Q11: =SUM(Q12:Q15) | R11: =SUM(R12:R15) | S11: =SUM(S12:S15) | T11: =SUM(T12:T15) | U11: =SUM(U12:U15)
D12: =G12+M12+N12 | G12: =SUM(H12:L12) | N12: =SUM(O12:U12)
D13: =G13+M13+N13 | G13: =SUM(H13:L13) | N13: =SUM(O13:U13)
D14: =G14+M14+N14 | G14: =SUM(H14:L14) | N14: =SUM(O14:U14)
D15: =G15+M15+N15 | G15: =SUM(H15:L15) | N15: =SUM(O15:U15)
D16: =G16+M16+N16 | G16: =SUM(H16:L16) | H16: =SUM(H17:H28) | I16: =SUM(I17:I28) | J16: =SUM(J17:J28) | K16: =SUM(K17:K28) | L16: =SUM(L17:L28) | M16: =SUM(M17:M28) | N16: =SUM(O16:U16) | O16: =SUM(O17:O28) | P16: =SUM(P17:P28) | Q16: =SUM(Q17:Q28) | R16: =SUM(R17:R28) | S16: =SUM(S17:S28) | T16: =SUM(T17:T28) | U16: =SUM(U17:U28)
D17: =G17+M17+N17 | G17: =SUM(H17:L17) | N17: =SUM(O17:U17)
D18: =G18+M18+N18 | G18: =SUM(H18:L18) | N18: =SUM(O18:U18)
D19: =G19+M19+N19 | G19: =SUM(H19:L19) | N19: =SUM(O19:U19)
D20: =G20+M20+N20 | G20: =SUM(H20:L20) | N20: =SUM(O20:U20)
D21: =G21+M21+N21 | G21: =SUM(H21:L21) | N21: =SUM(O21:U21)
D22: =G22+M22+N22 | G22: =SUM(H22:L22) | N22: =SUM(O22:U22)
D23: =G23+M23+N23 | G23: =SUM(H23:L23) | N23: =SUM(O23:U23)
D24: =G24+M24+N24 | G24: =SUM(H24:L24) | N24: =SUM(O24:U24)
D25: =G25+M25+N25 | G25: =SUM(H25:L25) | N25: =SUM(O25:U25)
D26: =G26+M26+N26 | G26: =SUM(H26:L26) | N26: =SUM(O26:U26)
D27: =G27+M27+N27 | G27: =SUM(H27:L27) | N27: =SUM(O27:U27)
D28: =G28+M28+N28 | G28: =SUM(H28:L28) | N28: =SUM(O28:U28)
D29: =G29+M29+N29 | G29: =SUM(H29:L29) | H29: =H6+H16 | I29: =I6+I16 | J29: =J6+J16 | K29: =K6+K16 | L29: =L6+L16 | M29: =M6+M16 | N29: =SUM(O29:U29) | O29: =O6+O16 | P29: =P6+P16 | Q29: =Q6+Q16 | R29: =R6+R16 | S29: =S6+S16 | T29: =T6+T16 | U29: =U6+U16
C36: =D6 | D36: =G36+M36+N36 | E36: =D36-C36 | F36: =IFERROR(D36/C36,0) | G36: =SUM(H36:L36) | H36: =SUM(H37:H41) | I36: =SUM(I37:I41) | J36: =SUM(J37:J41) | K36: =SUM(K37:K41) | L36: =SUM(L37:L41) | M36: =SUM(M37:M41) | N36: =SUM(O36:U36) | O36: =SUM(O37:O41) | P36: =SUM(P37:P41) | Q36: =SUM(Q37:Q41) | R36: =SUM(R37:R41) | S36: =SUM(S37:S41) | T36: =SUM(T37:T41) | U36: =SUM(U37:U41)
D37: =G37+M37+N37 | E37: =D37-C37 | F37: =IFERROR(D37/C37,"") | G37: =SUM(H37:L37) | N37: =SUM(O37:U37)
D38: =G38+M38+N38 | E38: =D38-C38 | F38: =IFERROR(D38/C38,"") | G38: =SUM(H38:L38) | N38: =SUM(O38:U38)
D39: =G39+M39+N39 | E39: =D39-C39 | F39: =IFERROR(D39/C39,"") | G39: =SUM(H39:L39) | N39: =SUM(O39:U39)
D40: =G40+M40+N40 | E40: =D40-C40 | F40: =IFERROR(D40/C40,"") | G40: =SUM(H40:L40) | N40: =SUM(O40:U40)
D41: =G41+M41+N41 | E41: =D41-C41 | F41: =IFERROR(D41/C41,"") | G41: =SUM(H41:L41) | N41: =SUM(O41:U41) | T41: =SUM(T42:T45) | U41: =SUM(U42:U45)
C42: =D12 | D42: =G42+M42+N42 | E42: =D42-C42 | F42: =IFERROR(D42/C42,0) | G42: =SUM(H42:L42) | N42: =SUM(O42:U42)
C43: =D13 | D43: =G43+M43+N43 | E43: =D43-C43 | F43: =IFERROR(D43/C43,0) | G43: =SUM(H43:L43) | N43: =SUM(O43:U43)
C44: =D14 | D44: =G44+M44+N44 | E44: =D44-C44 | F44: =IFERROR(D44/C44,0) | G44: =SUM(H44:L44) | N44: =SUM(O44:U44)
C45: =D15 | D45: =G45+M45+N45 | E45: =D45-C45 | F45: =IFERROR(D45/C45,0) | G45: =SUM(H45:L45) | N45: =SUM(O45:U45)
C46: =D16 | D46: =G46+M46+N46 | E46: =D46-C46 | F46: =IFERROR(D46/C46,0) | G46: =SUM(H46:L46) | H46: =SUM(H47:H58) | I46: =SUM(I47:I58) | J46: =SUM(J47:J58) | K46: =SUM(K47:K58) | L46: =SUM(L47:L58) | M46: =SUM(M47:M58) | N46: =SUM(O46:U46) | O46: =SUM(O47:O58) | P46: =SUM(P47:P58) | Q46: =SUM(Q47:Q58) | R46: =SUM(R47:R58) | S46: =SUM(S47:S58) | T46: =SUM(T47:T58) | U46: =SUM(U47:U58)
D47: =G47+M47+N47 | E47: =D47-C47 | F47: =IFERROR(D47/C47,"") | G47: =SUM(H47:L47) | N47: =SUM(O47:U47)
D48: =G48+M48+N48 | E48: =D48-C48 | F48: =IFERROR(D48/C48,"") | G48: =SUM(H48:L48) | N48: =SUM(O48:U48)
D49: =G49+M49+N49 | E49: =D49-C49 | F49: =IFERROR(D49/C49,"") | G49: =SUM(H49:L49) | N49: =SUM(O49:U49)
D50: =G50+M50+N50 | E50: =D50-C50 | F50: =IFERROR(D50/C50,"") | G50: =SUM(H50:L50) | N50: =SUM(O50:U50)
D51: =G51+M51+N51 | E51: =D51-C51 | F51: =IFERROR(D51/C51,"") | G51: =SUM(H51:L51) | N51: =SUM(O51:U51)
D52: =G52+M52+N52 | E52: =D52-C52 | F52: =IFERROR(D52/C52,"") | G52: =SUM(H52:L52) | N52: =SUM(O52:U52)
D53: =G53+M53+N53 | E53: =D53-C53 | F53: =IFERROR(D53/C53,"") | G53: =SUM(H53:L53) | N53: =SUM(O53:U53)
D54: =G54+M54+N54 | E54: =D54-C54 | F54: =IFERROR(D54/C54,"") | G54: =SUM(H54:L54) | N54: =SUM(O54:U54)
D55: =G55+M55+N55 | E55: =D55-C55 | F55: =IFERROR(D55/C55,"") | G55: =SUM(H55:L55) | N55: =SUM(O55:U55)
D56: =G56+M56+N56 | E56: =D56-C56 | F56: =IFERROR(D56/C56,"") | G56: =SUM(H56:L56) | N56: =SUM(O56:U56)
D57: =G57+M57+N57 | E57: =D57-C57 | F57: =IFERROR(D57/C57,"") | G57: =SUM(H57:L57) | N57: =SUM(O57:U57)
D58: =G58+M58+N58 | E58: =D58-C58 | F58: =IFERROR(D58/C58,"") | G58: =SUM(H58:L58) | N58: =SUM(O58:U58)
C59: =C36+C46 | D59: =D36+D46 | E59: =D59-C59 | F59: =IFERROR(D59/C59,"") | G59: =SUM(H59:L59) | H59: =H36+H46 | I59: =I36+I46 | J59: =J36+J46 | K59: =K36+K46 | L59: =L36+L46 | M59: =M36+M46 | N59: =N36+N46 | O59: =O36+O46 | ... U59: =U36+U46
D66: =G66+M66+N66 | G66: =SUM(H66:L66) | H66: =SUM(H67:H71) | I66: =SUM(I67:I71) | J66: =SUM(J67:J71) | K66: =SUM(K67:K71) | L66: =SUM(L67:L71) | M66: =SUM(M67:M71) | N66: =SUM(O66:U66) | O66: =SUM(O67:O71) | P66: =SUM(P67:P71) | Q66: =SUM(Q67:Q71) | R66: =SUM(R67:R71) | S66: =SUM(S67:S71) | T66: =SUM(T67:T71) | U66: =SUM(U67:U71)
D67: =G67+M67+N67 | G67: =SUM(H67:L67) | H67: =H37-H7 | I67: =I37-I7 | J67: =J37-J7 | K67: =K37-K7 | L67: =L37-L7 | M67: =M37-M7 | N67: =SUM(O67:U67) | O67: =O37-O7 | P67: =P37-P7 | Q67: =Q37-Q7 | R67: =R37-R7 | S67: =S37-S7 | T67: =T37-T7 | U67: =U37-U7
D68: =G68+M68+N68 | G68: =SUM(H68:L68) | H68: =H38-H8 | I68: =I38-I8 | J68: =J38-J8 | K68: =K38-K8 | L68: =L38-L8 | M68: =M38-M8 | N68: =SUM(O68:U68) | O68: =O38-O8 | P68: =P38-P8 | Q68: =Q38-Q8 | R68: =R38-R8 | S68: =S38-S8 | T68: =T38-T8 | U68: =U38-U8
D69: =G69+M69+N69 | G69: =SUM(H69:L69) | H69: =H39-H9 | I69: =I39-I9 | J69: =J39-J9 | K69: =K39-K9 | L69: =L39-L9 | M69: =M39-M9 | N69: =SUM(O69:U69) | O69: =O39-O9 | P69: =P39-P9 | Q69: =Q39-Q9 | R69: =R39-R9 | S69: =S39-S9 | T69: =T39-T9 | U69: =U39-U9
D70: =G70+M70+N70 | G70: =SUM(H70:L70) | H70: =H40-H10 | I70: =I40-I10 | J70: =J40-J10 | K70: =K40-K10 | L70: =L40-L10 | M70: =M40-M10 | N70: =SUM(O70:U70) | O70: =O40-O10 | P70: =P40-P10 | Q70: =Q40-Q10 | R70: =R40-R10 | S70: =S40-S10 | T70: =T40-T10 | U70: =U40-U10
D71: =G71+M71+N71 | G71: =SUM(H71:L71) | H71: =SUM(H72:H75) | I71: =SUM(I72:I75) | J71: =SUM(J72:J75) | K71: =SUM(K72:K75) | L71: =SUM(L72:L75) | M71: =SUM(M72:M75) | N71: =SUM(O71:U71) | O71: =SUM(O72:O75) | P71: =SUM(P72:P75) | Q71: =SUM(Q72:Q75) | R71: =SUM(R72:R75) | S71: =SUM(S72:S75) | T71: =SUM(T72:T75) | U71: =SUM(U72:U75)
D72: =G72+M72+N72 | G72: =SUM(H72:L72) | H72: =H42-H12 | I72: =I42-I12 | J72: =J42-J12 | K72: =K42-K12 | L72: =L42-L12 | M72: =M42-M12 | N72: =SUM(O72:U72) | O72: =O42-O12 | P72: =P42-P12 | Q72: =Q42-Q12 | R72: =R42-R12 | S72: =S42-S12 | T72: =T42-T12 | U72: =U42-U12
D73: =G73+M73+N73 | G73: =SUM(H73:L73) | H73: =H43-H13 | I73: =I43-I13 | J73: =J43-J13 | K73: =K43-K13 | L73: =L43-L13 | M73: =M43-M13 | N73: =SUM(O73:U73) | O73: =O43-O13 | P73: =P43-P13 | Q73: =Q43-Q13 | R73: =R43-R13 | S73: =S43-S13 | T73: =T43-T13 | U73: =U43-U13
D74: =G74+M74+N74 | G74: =SUM(H74:L74) | H74: =H44-H14 | I74: =I44-I14 | J74: =J44-J14 | K74: =K44-K14 | L74: =L44-L14 | M74: =M44-M14 | N74: =SUM(O74:U74) | O74: =O44-O14 | P74: =P44-P14 | Q74: =Q44-Q14 | R74: =R44-R14 | S74: =S44-S14 | T74: =T44-T14 | U74: =U44-U14
D75: =G75+M75+N75 | G75: =SUM(H75:L75) | H75: =H45-H15 | I75: =I45-I15 | J75: =J45-J15 | K75: =K45-K15 | L75: =L45-L15 | M75: =M45-M15 | N75: =SUM(O75:U75) | O75: =O45-O15 | P75: =P45-P15 | Q75: =Q45-Q15 | R75: =R45-R15 | S75: =S45-S15 | T75: =T45-T15 | U75: =U45-U15
D76: =G76+M76+N76 | G76: =SUM(H76:L76) | H76: =SUM(H77:H88) | I76: =SUM(I77:I88) | J76: =SUM(J77:J88) | K76: =SUM(K77:K88) | L76: =SUM(L77:L88) | M76: =SUM(M77:M88) | N76: =SUM(O76:U76) | O76: =SUM(O77:O88) | P76: =SUM(P77:P88) | Q76: =SUM(Q77:Q88) | R76: =SUM(R77:R88) | S76: =SUM(S77:S88) | T76: =SUM(T77:T88) | U76: =SUM(U77:U88)
D77: =G77+M77+N77 | G77: =SUM(H77:L77) | H77: =H47-H17 | I77: =I47-I17 | J77: =J47-J17 | K77: =K47-K17 | L77: =L47-L17 | M77: =M47-M17 | N77: =SUM(O77:U77) | O77: =O47-O17 | P77: =P47-P17 | Q77: =Q47-Q17 | R77: =R47-R17 | S77: =S47-S17 | T77: =T47-T17 | U77: =U47-U17
D78: =G78+M78+N78 | G78: =SUM(H78:L78) | H78: =H48-H18 | I78: =I48-I18 | J78: =J48-J18 | K78: =K48-K18 | L78: =L48-L18 | M78: =M48-M18 | N78: =SUM(O78:U78) | O78: =O48-O18 | P78: =P48-P18 | Q78: =Q48-Q18 | R78: =R48-R18 | S78: =S48-S18 | T78: =T48-T18 | U78: =U48-U18
D79: =G79+M79+N79 | G79: =SUM(H79:L79) | H79: =H49-H19 | I79: =I49-I19 | J79: =J49-J19 | K79: =K49-K19 | L79: =L49-L19 | M79: =M49-M19 | N79: =SUM(O79:U79) | O79: =O49-O19 | P79: =P49-P19 | Q79: =Q49-Q19 | R79: =R49-R19 | S79: =S49-S19 | T79: =T49-T19 | U79: =U49-U19
D80: =G80+M80+N80 | G80: =SUM(H80:L80) | H80: =H50-H20 | I80: =I50-I20 | J80: =J50-J20 | K80: =K50-K20 | L80: =L50-L20 | M80: =M50-M20 | N80: =SUM(O80:U80) | O80: =O50-O20 | P80: =P50-P20 | Q80: =Q50-Q20 | R80: =R50-R20 | S80: =S50-S20 | T80: =T50-T20 | U80: =U50-U20
D81: =G81+M81+N81 | G81: =SUM(H81:L81) | H81: =H51-H21 | I81: =I51-I21 | J81: =J51-J21 | K81: =K51-K21 | L81: =L51-L21 | M81: =M51-M21 | N81: =SUM(O81:U81) | O81: =O51-O21 | P81: =P51-P21 | Q81: =Q51-Q21 | R81: =R51-R21 | S81: =S51-S21 | T81: =T51-T21 | U81: =U51-U21
D82: =G82+M82+N82 | G82: =SUM(H82:L82) | H82: =H52-H22 | I82: =I52-I22 | J82: =J52-J22 | K82: =K52-K22 | L82: =L52-L22 | M82: =M52-M22 | N82: =SUM(O82:U82) | O82: =O52-O22 | P82: =P52-P22 | Q82: =Q52-Q22 | R82: =R52-R22 | S82: =S52-S22 | T82: =T52-T22 | U82: =U52-U22
D83: =G83+M83+N83 | G83: =SUM(H83:L83) | H83: =H53-H23 | I83: =I53-I23 | J83: =J53-J23 | K83: =K53-K23 | L83: =L53-L23 | M83: =M53-M23 | N83: =SUM(O83:U83) | O83: =O53-O23 | P83: =P53-P23 | Q83: =Q53-Q23 | R83: =R53-R23 | S83: =S53-S23 | T83: =T53-T23 | U83: =U53-U23
D84: =G84+M84+N84 | G84: =SUM(H84:L84) | H84: =H54-H24 | I84: =I54-I24 | J84: =J54-J24 | K84: =K54-K24 | L84: =L54-L24 | M84: =M54-M24 | N84: =SUM(O84:U84) | O84: =O54-O24 | P84: =P54-P24 | Q84: =Q54-Q24 | R84: =R54-R24 | S84: =S54-S24 | T84: =T54-T24 | U84: =U54-U24
D85: =G85+M85+N85 | G85: =SUM(H85:L85) | H85: =H55-H25 | I85: =I55-I25 | J85: =J55-J25 | K85: =K55-K25 | L85: =L55-L25 | M85: =M55-M25 | N85: =SUM(O85:U85) | O85: =O55-O25 | P85: =P55-P25 | Q85: =Q55-Q25 | R85: =R55-R25 | S85: =S55-S25 | T85: =T55-T25 | U85: =U55-U25
D86: =G86+M86+N86 | G86: =SUM(H86:L86) | H86: =H56-H26 | I86: =I56-I26 | J86: =J56-J26 | K86: =K56-K26 | L86: =L56-L26 | M86: =M56-M26 | N86: =SUM(O86:U86) | O86: =O56-O26 | P86: =P56-P26 | Q86: =Q56-Q26 | R86: =R56-R26 | S86: =S56-S26 | T86: =T56-T26 | U86: =U56-U26
D87: =G87+M87+N87 | G87: =SUM(H87:L87) | H87: =H57-H27 | I87: =I57-I27 | J87: =J57-J27 | K87: =K57-K27 | L87: =L57-L27 | M87: =M57-M27 | N87: =SUM(O87:U87) | O87: =O57-O27 | P87: =P57-P27 | Q87: =Q57-Q27 | R87: =R57-R27 | S87: =S57-S27 | T87: =T57-T27 | U87: =U57-U27
D88: =G88+M88+N88 | G88: =SUM(H88:L88) | H88: =H58-H28 | I88: =I58-I28 | J88: =J58-J28 | K88: =K58-K28 | L88: =L58-L28 | M88: =M58-M28 | N88: =SUM(O88:U88) | O88: =O58-O28 | P88: =P58-P28 | Q88: =Q58-Q28 | R88: =R58-R28 | S88: =S58-S28 | T88: =T58-T28 | U88: =U58-U28
D89: =D66+D76 | G89: =SUM(H89:L89) | H89: =H66+H76 | I89: =I66+I76 | J89: =J66+J76 | K89: =K66+K76 | L89: =L66+L76 | M89: =M66+M76 | N89: =SUM(O89:U89) | O89: =O66+O76 | P89: =P66+P76 | Q89: =Q66+Q76 | R89: =R66+R76 | S89: =S66+S76 | T89: =T66+T76 | U89: =U66+U76

Sheet 2월
D6: =G6+M6+N6 | G6: =SUM(H6:L6) | H6: =SUM(H7:H11) | I6: =SUM(I7:I11) | J6: =SUM(J7:J11) | K6: =SUM(K7:K11) | L6: =SUM(L7:L11) | M6: =SUM(M7:M11) | N6: =SUM(O6:U6) | O6: =SUM(O7:O11) | P6: =SUM(P7:P11) | Q6: =SUM(Q7:Q11) | R6: =SUM(R7:R11) | S6: =SUM(S7:S11) | T6: =SUM(T7:T11) | U6: =SUM(U7:U11)
D7: =G7+M7+N7 | G7: =SUM(H7:L7) | N7: =SUM(O7:U7)
D8: =G8+M8+N8 | G8: =SUM(H8:L8) | N8: =SUM(O8:U8)
D9: =G9+M9+N9 | G9: =SUM(H9:L9) | N9: =SUM(O9:U9)
D10: =G10+M10+N10 | G10: =SUM(H10:L10) | N10: =SUM(O10:U10)
D11: =G11+M11+N11 | G11: =SUM(H11:L11) | H11: =SUM(H12:H15) | I11: =SUM(I12:I15) | J11: =SUM(J12:J15) | K11: =SUM(K12:K15) | L11: =SUM(L12:L15) | M11: =SUM(M12:M15) | N11: =SUM(O11:U11) | O11: =SUM(O12:O15) | P11: =SUM(P12:P15) | Q11: =SUM(Q12:Q15) | R11: =SUM(R12:R15) | S11: =SUM(S12:S15) | T11: =SUM(T12:T15) | U11: =SUM(U12:U15)
D12: =G12+M12+N12 | G12: =SUM(H12:L12) | N12: =SUM(O12:U12)
D13: =G13+M13+N13 | G13: =SUM(H13:L13) | N13: =SUM(O13:U13)
D14: =G14+M14+N14 | G14: =SUM(H14:L14) | N14: =SUM(O14:U14)
D15: =G15+M15+N15 | G15: =SUM(H15:L15) | N15: =SUM(O15:U15)
D16: =G16+M16+N16 | G16: =SUM(H16:L16) | H16: =SUM(H17:H28) | I16: =SUM(I17:I28) | J16: =SUM(J17:J28) | K16: =SUM(K17:K28) | L16: =SUM(L17:L28) | M16: =SUM(M17:M28) | N16: =SUM(O16:U16) | O16: =SUM(O17:O28) | P16: =SUM(P17:P28) | Q16: =SUM(Q17:Q28) | R16: =SUM(R17:R28) | S16: =SUM(S17:S28) | T16: =SUM(T17:T28) | U16: =SUM(U17:U28)
D17: =G17+M17+N17 | G17: =SUM(H17:L17) | N17: =SUM(O17:U17)
D18: =G18+M18+N18 | G18: =SUM(H18:L18) | N18: =SUM(O18:U18)
D19: =G19+M19+N19 | G19: =SUM(H19:L19) | N19: =SUM(O19:U19)
D20: =G20+M20+N20 | G20: =SUM(H20:L20) | N20: =SUM(O20:U20)
D21: =G21+M21+N21 | G21: =SUM(H21:L21) | N21: =SUM(O21:U21)
D22: =G22+M22+N22 | G22: =SUM(H22:L22) | N22: =SUM(O22:U22)
D23: =G23+M23+N23 | G23: =SUM(H23:L23) | N23: =SUM(O23:U23)
D24: =G24+M24+N24 | G24: =SUM(H24:L24) | N24: =SUM(O24:U24)
D25: =G25+M25+N25 | G25: =SUM(H25:L25) | N25: =SUM(O25:U25)
D26: =G26+M26+N26 | G26: =SUM(H26:L26) | N26: =SUM(O26:U26)
D27: =G27+M27+N27 | G27: =SUM(H27:L27) | N27: =SUM(O27:U27)
D28: =G28+M28+N28 | G28: =SUM(H28:L28) | N28: =SUM(O28:U28)
D29: =G29+M29+N29 | G29: =SUM(H29:L29) | H29: =H6+H16 | I29: =I6+I16 | J29: =J6+J16 | K29: =K6+K16 | L29: =L6+L16 | M29: =M6+M16 | N29: =SUM(O29:U29) | O29: =O6+O16 | P29: =P6+P16 | Q29: =Q6+Q16 | R29: =R6+R16 | S29: =S6+S16 | T29: =T6+T16 | U29: =U6+U16
C36: =D6 | D36: =G36+M36+N36 | E36: =D36-C36 | F36: =IFERROR(D36/C36,0) | G36: =SUM(H36:L36) | H36: =SUM(H37:H41) | I36: =SUM(I37:I41) | J36: =SUM(J37:J41) | K36: =SUM(K37:K41) | L36: =SUM(L37:L41) | M36: =SUM(M37:M41) | N36: =SUM(O36:U36) | O36: =SUM(O37:O41) | P36: =SUM(P37:P41) | Q36: =SUM(Q37:Q41) | R36: =SUM(R37:R41) | S36: =SUM(S37:S41) | T36: =SUM(T37:T41) | U36: =SUM(U37:U41)
D37: =G37+M37+N37 | E37: =D37-C37 | F37: =IFERROR(D37/C37,"") | G37: =SUM(H37:L37) | N37: =SUM(O37:U37)
D38: =G38+M38+N38 | E38: =D38-C38 | F38: =IFERROR(D38/C38,"") | G38: =SUM(H38:L38) | N38: =SUM(O38:U38)
D39: =G39+M39+N39 | E39: =D39-C39 | F39: =IFERROR(D39/C39,"") | G39: =SUM(H39:L39) | N39: =SUM(O39:U39)
D40: =G40+M40+N40 | E40: =D40-C40 | F40: =IFERROR(D40/C40,"") | G40: =SUM(H40:L40) | N40: =SUM(O40:U40)
D41: =G41+M41+N41 | E41: =D41-C41 | F41: =IFERROR(D41/C41,"") | G41: =SUM(H41:L41) | N41: =SUM(O41:U41) | T41: =SUM(T42:T45) | U41: =SUM(U42:U45)
C42: =D12 | D42: =G42+M42+N42 | E42: =D42-C42 | F42: =IFERROR(D42/C42,0) | G42: =SUM(H42:L42) | N42: =SUM(O42:U42)
C43: =D13 | D43: =G43+M43+N43 | E43: =D43-C43 | F43: =IFERROR(D43/C43,0) | G43: =SUM(H43:L43) | N43: =SUM(O43:U43)
C44: =D14 | D44: =G44+M44+N44 | E44: =D44-C44 | F44: =IFERROR(D44/C44,0) | G44: =SUM(H44:L44) | N44: =SUM(O44:U44)
C45: =D15 | D45: =G45+M45+N45 | E45: =D45-C45 | F45: =IFERROR(D45/C45,0) | G45: =SUM(H45:L45) | N45: =SUM(O45:U45)
C46: =D16 | D46: =G46+M46+N46 | E46: =D46-C46 | F46: =IFERROR(D46/C46,0) | G46: =SUM(H46:L46) | H46: =SUM(H47:H58) | I46: =SUM(I47:I58) | J46: =SUM(J47:J58) | K46: =SUM(K47:K58) | L46: =SUM(L47:L58) | M46: =SUM(M47:M58) | N46: =SUM(O46:U46) | O46: =SUM(O47:O58) | P46: =SUM(P47:P58) | Q46: =SUM(Q47:Q58) | R46: =SUM(R47:R58) | S46: =SUM(S47:S58) | T46: =SUM(T47:T58) | U46: =SUM(U47:U58)
D47: =G47+M47+N47 | E47: =D47-C47 | F47: =IFERROR(D47/C47,"") | G47: =SUM(H47:L47) | N47: =SUM(O47:U47)
D48: =G48+M48+N48 | E48: =D48-C48 | F48: =IFERROR(D48/C48,"") | G48: =SUM(H48:L48) | N48: =SUM(O48:U48)
D49: =G49+M49+N49 | E49: =D49-C49 | F49: =IFERROR(D49/C49,"") | G49: =SUM(H49:L49) | N49: =SUM(O49:U49)
D50: =G50+M50+N50 | E50: =D50-C50 | F50: =IFERROR(D50/C50,"") | G50: =SUM(H50:L50) | N50: =SUM(O50:U50)
D51: =G51+M51+N51 | E51: =D51-C51 | F51: =IFERROR(D51/C51,"") | G51: =SUM(H51:L51) | N51: =SUM(O51:U51)
D52: =G52+M52+N52 | E52: =D52-C52 | F52: =IFERROR(D52/C52,"") | G52: =SUM(H52:L52) | N52: =SUM(O52:U52)
D53: =G53+M53+N53 | E53: =D53-C53 | F53: =IFERROR(D53/C53,"") | G53: =SUM(H53:L53) | N53: =SUM(O53:U53)
D54: =G54+M54+N54 | E54: =D54-C54 | F54: =IFERROR(D54/C54,"") | G54: =SUM(H54:L54) | N54: =SUM(O54:U54)
D55: =G55+M55+N55 | E55: =D55-C55 | F55: =IFERROR(D55/C55,"") | G55: =SUM(H55:L55) | N55: =SUM(O55:U55)
D56: =G56+M56+N56 | E56: =D56-C56 | F56: =IFERROR(D56/C56,"") | G56: =SUM(H56:L56) | N56: =SUM(O56:U56)
D57: =G57+M57+N57 | E57: =D57-C57 | F57: =IFERROR(D57/C57,"") | G57: =SUM(H57:L57) | N57: =SUM(O57:U57)
D58: =G58+M58+N58 | E58: =D58-C58 | F58: =IFERROR(D58/C58,"") | G58: =SUM(H58:L58) | N58: =SUM(O58:U58)
C59: =C36+C46 | D59: =D36+D46 | E59: =D59-C59 | F59: =IFERROR(D59/C59,"") | G59: =SUM(H59:L59) | H59: =H36+H46 | I59: =I36+I46 | J59: =J36+J46 | K59: =K36+K46 | L59: =L36+L46 | M59: =M36+M46 | N59: =N36+N46 | O59: =O36+O46 | ... U59: =U36+U46
D66: =G66+M66+N66 | G66: =SUM(H66:L66) | H66: =SUM(H67:H71) | I66: =SUM(I67:I71) | J66: =SUM(J67:J71) | K66: =SUM(K67:K71) | L66: =SUM(L67:L71) | M66: =SUM(M67:M71) | N66: =SUM(O66:U66) | O66: =SUM(O67:O71) | P66: =SUM(P67:P71) | Q66: =SUM(Q67:Q71) | R66: =SUM(R67:R71) | S66: =SUM(S67:S71) | T66: =SUM(T67:T71) | U66: =SUM(U67:U71)
D67: =G67+M67+N67 | G67: =SUM(H67:L67) | H67: =H37-H7 | I67: =I37-I7 | J67: =J37-J7 | K67: =K37-K7 | L67: =L37-L7 | M67: =M37-M7 | N67: =SUM(O67:U67) | O67: =O37-O7 | P67: =P37-P7 | Q67: =Q37-Q7 | R67: =R37-R7 | S67: =S37-S7 | T67: =T37-T7 | U67: =U37-U7
D68: =G68+M68+N68 | G68: =SUM(H68:L68) | H68: =H38-H8 | I68: =I38-I8 | J68: =J38-J8 | K68: =K38-K8 | L68: =L38-L8 | M68: =M38-M8 | N68: =SUM(O68:U68) | O68: =O38-O8 | P68: =P38-P8 | Q68: =Q38-Q8 | R68: =R38-R8 | S68: =S38-S8 | T68: =T38-T8 | U68: =U38-U8
D69: =G69+M69+N69 | G69: =SUM(H69:L69) | H69: =H39-H9 | I69: =I39-I9 | J69: =J39-J9 | K69: =K39-K9 | L69: =L39-L9 | M69: =M39-M9 | N69: =SUM(O69:U69) | O69: =O39-O9 | P69: =P39-P9 | Q69: =Q39-Q9 | R69: =R39-R9 | S69: =S39-S9 | T69: =T39-T9 | U69: =U39-U9
D70: =G70+M70+N70 | G70: =SUM(H70:L70) | H70: =H40-H10 | I70: =I40-I10 | J70: =J40-J10 | K70: =K40-K10 | L70: =L40-L10 | M70: =M40-M10 | N70: =SUM(O70:U70) | O70: =O40-O10 | P70: =P40-P10 | Q70: =Q40-Q10 | R70: =R40-R10 | S70: =S40-S10 | T70: =T40-T10 | U70: =U40-U10
D71: =G71+M71+N71 | G71: =SUM(H71:L71) | H71: =SUM(H72:H75) | I71: =SUM(I72:I75) | J71: =SUM(J72:J75) | K71: =SUM(K72:K75) | L71: =SUM(L72:L75) | M71: =SUM(M72:M75) | N71: =SUM(O71:U71) | O71: =SUM(O72:O75) | P71: =SUM(P72:P75) | Q71: =SUM(Q72:Q75) | R71: =SUM(R72:R75) | S71: =SUM(S72:S75) | T71: =SUM(T72:T75) | U71: =SUM(U72:U75)
D72: =G72+M72+N72 | G72: =SUM(H72:L72) | H72: =H42-H12 | I72: =I42-I12 | J72: =J42-J12 | K72: =K42-K12 | L72: =L42-L12 | M72: =M42-M12 | N72: =SUM(O72:U72) | O72: =O42-O12 | P72: =P42-P12 | Q72: =Q42-Q12 | R72: =R42-R12 | S72: =S42-S12 | T72: =T42-T12 | U72: =U42-U12
D73: =G73+M73+N73 | G73: =SUM(H73:L73) | H73: =H43-H13 | I73: =I43-I13 | J73: =J43-J13 | K73: =K43-K13 | L73: =L43-L13 | M73: =M43-M13 | N73: =SUM(O73:U73) | O73: =O43-O13 | P73: =P43-P13 | Q73: =Q43-Q13 | R73: =R43-R13 | S73: =S43-S13 | T73: =T43-T13 | U73: =U43-U13
D74: =G74+M74+N74 | G74: =SUM(H74:L74) | H74: =H44-H14 | I74: =I44-I14 | J74: =J44-J14 | K74: =K44-K14 | L74: =L44-L14 | M74: =M44-M14 | N74: =SUM(O74:U74) | O74: =O44-O14 | P74: =P44-P14 | Q74: =Q44-Q14 | R74: =R44-R14 | S74: =S44-S14 | T74: =T44-T14 | U74: =U44-U14
D75: =G75+M75+N75 | G75: =SUM(H75:L75) | H75: =H45-H15 | I75: =I45-I15 | J75: =J45-J15 | K75: =K45-K15 | L75: =L45-L15 | M75: =M45-M15 | N75: =SUM(O75:U75) | O75: =O45-O15 | P75: =P45-P15 | Q75: =Q45-Q15 | R75: =R45-R15 | S75: =S45-S15 | T75: =T45-T15 | U75: =U45-U15
D76: =G76+M76+N76 | G76: =SUM(H76:L76) | H76: =SUM(H77:H88) | I76: =SUM(I77:I88) | J76: =SUM(J77:J88) | K76: =SUM(K77:K88) | L76: =SUM(L77:L88) | M76: =SUM(M77:M88) | N76: =SUM(O76:U76) | O76: =SUM(O77:O88) | P76: =SUM(P77:P88) | Q76: =SUM(Q77:Q88) | R76: =SUM(R77:R88) | S76: =SUM(S77:S88) | T76: =SUM(T77:T88) | U76: =SUM(U77:U88)
D77: =G77+M77+N77 | G77: =SUM(H77:L77) | H77: =H47-H17 | I77: =I47-I17 | J77: =J47-J17 | K77: =K47-K17 | L77: =L47-L17 | M77: =M47-M17 | N77: =SUM(O77:U77) | O77: =O47-O17 | P77: =P47-P17 | Q77: =Q47-Q17 | R77: =R47-R17 | S77: =S47-S17 | T77: =T47-T17 | U77: =U47-U17
D78: =G78+M78+N78 | G78: =SUM(H78:L78) | H78: =H48-H18 | I78: =I48-I18 | J78: =J48-J18 | K78: =K48-K18 | L78: =L48-L18 | M78: =M48-M18 | N78: =SUM(O78:U78) | O78: =O48-O18 | P78: =P48-P18 | Q78: =Q48-Q18 | R78: =R48-R18 | S78: =S48-S18 | T78: =T48-T18 | U78: =U48-U18
D79: =G79+M79+N79 | G79: =SUM(H79:L79) | H79: =H49-H19 | I79: =I49-I19 | J79: =J49-J19 | K79: =K49-K19 | L79: =L49-L19 | M79: =M49-M19 | N79: =SUM(O79:U79) | O79: =O49-O19 | P79: =P49-P19 | Q79: =Q49-Q19 | R79: =R49-R19 | S79: =S49-S19 | T79: =T49-T19 | U79: =U49-U19
D80: =G80+M80+N80 | G80: =SUM(H80:L80) | H80: =H50-H20 | I80: =I50-I20 | J80: =J50-J20 | K80: =K50-K20 | L80: =L50-L20 | M80: =M50-M20 | N80: =SUM(O80:U80) | O80: =O50-O20 | P80: =P50-P20 | Q80: =Q50-Q20 | R80: =R50-R20 | S80: =S50-S20 | T80: =T50-T20 | U80: =U50-U20
D81: =G81+M81+N81 | G81: =SUM(H81:L81) | H81: =H51-H21 | I81: =I51-I21 | J81: =J51-J21 | K81: =K51-K21 | L81: =L51-L21 | M81: =M51-M21 | N81: =SUM(O81:U81) | O81: =O51-O21 | P81: =P51-P21 | Q81: =Q51-Q21 | R81: =R51-R21 | S81: =S51-S21 | T81: =T51-T21 | U81: =U51-U21
D82: =G82+M82+N82 | G82: =SUM(H82:L82) | H82: =H52-H22 | I82: =I52-I22 | J82: =J52-J22 | K82: =K52-K22 | L82: =L52-L22 | M82: =M52-M22 | N82: =SUM(O82:U82) | O82: =O52-O22 | P82: =P52-P22 | Q82: =Q52-Q22 | R82: =R52-R22 | S82: =S52-S22 | T82: =T52-T22 | U82: =U52-U22
D83: =G83+M83+N83 | G83: =SUM(H83:L83) | H83: =H53-H23 | I83: =I53-I23 | J83: =J53-J23 | K83: =K53-K23 | L83: =L53-L23 | M83: =M53-M23 | N83: =SUM(O83:U83) | O83: =O53-O23 | P83: =P53-P23 | Q83: =Q53-Q23 | R83: =R53-R23 | S83: =S53-S23 | T83: =T53-T23 | U83: =U53-U23
D84: =G84+M84+N84 | G84: =SUM(H84:L84) | H84: =H54-H24 | I84: =I54-I24 | J84: =J54-J24 | K84: =K54-K24 | L84: =L54-L24 | M84: =M54-M24 | N84: =SUM(O84:U84) | O84: =O54-O24 | P84: =P54-P24 | Q84: =Q54-Q24 | R84: =R54-R24 | S84: =S54-S24 | T84: =T54-T24 | U84: =U54-U24
D85: =G85+M85+N85 | G85: =SUM(H85:L85) | H85: =H55-H25 | I85: =I55-I25 | J85: =J55-J25 | K85: =K55-K25 | L85: =L55-L25 | M85: =M55-M25 | N85: =SUM(O85:U85) | O85: =O55-O25 | P85: =P55-P25 | Q85: =Q55-Q25 | R85: =R55-R25 | S85: =S55-S25 | T85: =T55-T25 | U85: =U55-U25
D86: =G86+M86+N86 | G86: =SUM(H86:L86) | H86: =H56-H26 | I86: =I56-I26 | J86: =J56-J26 | K86: =K56-K26 | L86: =L56-L26 | M86: =M56-M26 | N86: =SUM(O86:U86) | O86: =O56-O26 | P86: =P56-P26 | Q86: =Q56-Q26 | R86: =R56-R26 | S86: =S56-S26 | T86: =T56-T26 | U86: =U56-U26
D87: =G87+M87+N87 | G87: =SUM(H87:L87) | H87: =H57-H27 | I87: =I57-I27 | J87: =J57-J27 | K87: =K57-K27 | L87: =L57-L27 | M87: =M57-M27 | N87: =SUM(O87:U87) | O87: =O57-O27 | P87: =P57-P27 | Q87: =Q57-Q27 | R87: =R57-R27 | S87: =S57-S27 | T87: =T57-T27 | U87: =U57-U27
D88: =G88+M88+N88 | G88: =SUM(H88:L88) | H88: =H58-H28 | I88: =I58-I28 | J88: =J58-J28 | K88: =K58-K28 | L88: =L58-L28 | M88: =M58-M28 | N88: =SUM(O88:U88) | O88: =O58-O28 | P88: =P58-P28 | Q88: =Q58-Q28 | R88: =R58-R28 | S88: =S58-S28 | T88: =T58-T28 | U88: =U58-U28
D89: =D66+D76 | G89: =SUM(H89:L89) | H89: =H66+H76 | I89: =I66+I76 | J89: =J66+J76 | K89: =K66+K76 | L89: =L66+L76 | M89: =M66+M76 | N89: =SUM(O89:U89) | O89: =O66+O76 | P89: =P66+P76 | Q89: =Q66+Q76 | R89: =R66+R76 | S89: =S66+S76 | T89: =T66+T76 | U89: =U66+U76

Sheet 2월 누계
D6: =G6+M6+N6 | G6: =SUM(H6:L6) | H6: =SUM(H7:H11) | I6: =SUM(I7:I11) | J6: =SUM(J7:J11) | K6: =SUM(K7:K11) | L6: =SUM(L7:L11) | M6: =SUM(M7:M11) | N6: =SUM(O6:U6) | O6: =SUM(O7:O11) | P6: =SUM(P7:P11) | Q6: =SUM(Q7:Q11) | R6: =SUM(R7:R11) | S6: =SUM(S7:S11) | T6: =SUM(T7:T11) | U6: =SUM(U7:U11)
D7: =G7+M7+N7 | G7: =SUM(H7:L7) | H7: ='1월'!H7+'2월'!H7 | I7: ='1월'!I7+'2월'!I7 | J7: ='1월'!J7+'2월'!J7 | K7: ='1월'!K7+'2월'!K7 | L7: ='1월'!L7+'2월'!L7 | M7: ='1월'!M7+'2월'!M7 | N7: =SUM(O7:U7) | O7: ='1월'!O7+'2월'!O7 | P7: ='1월'!P7+'2월'!P7 | Q7: ='1월'!Q7+'2월'!Q7 | R7: ='1월'!R7+'2월'!R7 | S7: ='1월'!S7+'2월'!S7 | T7: ='1월'!T7+'2월'!T7 | U7: ='1월'!U7+'2월'!U7
D8: =G8+M8+N8 | G8: =SUM(H8:L8) | H8: ='1월'!H8+'2월'!H8 | I8: ='1월'!I8+'2월'!I8 | J8: ='1월'!J8+'2월'!J8 | K8: ='1월'!K8+'2월'!K8 | L8: ='1월'!L8+'2월'!L8 | M8: ='1월'!M8+'2월'!M8 | N8: =SUM(O8:U8) | O8: ='1월'!O8+'2월'!O8 | P8: ='1월'!P8+'2월'!P8 | Q8: ='1월'!Q8+'2월'!Q8 | R8: ='1월'!R8+'2월'!R8 | S8: ='1월'!S8+'2월'!S8 | T8: ='1월'!T8+'2월'!T8 | U8: ='1월'!U8+'2월'!U8
D9: =G9+M9+N9 | G9: =SUM(H9:L9) | H9: ='1월'!H9+'2월'!H9 | I9: ='1월'!I9+'2월'!I9 | J9: ='1월'!J9+'2월'!J9 | K9: ='1월'!K9+'2월'!K9 | L9: ='1월'!L9+'2월'!L9 | M9: ='1월'!M9+'2월'!M9 | N9: =SUM(O9:U9) | O9: ='1월'!O9+'2월'!O9 | P9: ='1월'!P9+'2월'!P9 | Q9: ='1월'!Q9+'2월'!Q9 | R9: ='1월'!R9+'2월'!R9 | S9: ='1월'!S9+'2월'!S9 | T9: ='1월'!T9+'2월'!T9 | U9: ='1월'!U9+'2월'!U9
D10: =G10+M10+N10 | G10: =SUM(H10:L10) | H10: ='1월'!H10+'2월'!H10 | I10: ='1월'!I10+'2월'!I10 | J10: ='1월'!J10+'2월'!J10 | K10: ='1월'!K10+'2월'!K10 | L10: ='1월'!L10+'2월'!L10 | M10: ='1월'!M10+'2월'!M10 | N10: =SUM(O10:U10) | O10: ='1월'!O10+'2월'!O10 | P10: ='1월'!P10+'2월'!P10 | Q10: ='1월'!Q10+'2월'!Q10 | R10: ='1월'!R10+'2월'!R10 | S10: ='1월'!S10+'2월'!S10 | T10: ='1월'!T10+'2월'!T10 | U10: ='1월'!U10+'2월'!U10
D11: =G11+M11+N11 | G11: =SUM(H11:L11) | H11: =SUM(H12:H15) | I11: =SUM(I12:I15) | J11: =SUM(J12:J15) | K11: =SUM(K12:K15) | L11: =SUM(L12:L15) | M11: =SUM(M12:M15) | N11: =SUM(O11:U11) | O11: =SUM(O12:O15) | P11: =SUM(P12:P15) | Q11: =SUM(Q12:Q15) | R11: =SUM(R12:R15) | S11: =SUM(S12:S15) | T11: =SUM(T12:T15) | U11: =SUM(U12:U15)
D12: =G12+M12+N12 | G12: =SUM(H12:L12) | H12: ='1월'!H12+'2월'!H12 | I12: ='1월'!I12+'2월'!I12 | J12: ='1월'!J12+'2월'!J12 | K12: ='1월'!K12+'2월'!K12 | L12: ='1월'!L12+'2월'!L12 | M12: ='1월'!M12+'2월'!M12 | N12: =SUM(O12:U12) | O12: ='1월'!O12+'2월'!O12 | P12: ='1월'!P12+'2월'!P12 | Q12: ='1월'!Q12+'2월'!Q12 | R12: ='1월'!R12+'2월'!R12 | S12: ='1월'!S12+'2월'!S12 | T12: ='1월'!T12+'2월'!T12 | U12: ='1월'!U12+'2월'!U12
D13: =G13+M13+N13 | G13: =SUM(H13:L13) | H13: ='1월'!H13+'2월'!H13 | I13: ='1월'!I13+'2월'!I13 | J13: ='1월'!J13+'2월'!J13 | K13: ='1월'!K13+'2월'!K13 | L13: ='1월'!L13+'2월'!L13 | M13: ='1월'!M13+'2월'!M13 | N13: =SUM(O13:U13) | O13: ='1월'!O13+'2월'!O13 | P13: ='1월'!P13+'2월'!P13 | Q13: ='1월'!Q13+'2월'!Q13 | R13: ='1월'!R13+'2월'!R13 | S13: ='1월'!S13+'2월'!S13 | T13: ='1월'!T13+'2월'!T13 | U13: ='1월'!U13+'2월'!U13
D14: =G14+M14+N14 | G14: =SUM(H14:L14) | H14: ='1월'!H14+'2월'!H14 | I14: ='1월'!I14+'2월'!I14 | J14: ='1월'!J14+'2월'!J14 | K14: ='1월'!K14+'2월'!K14 | L14: ='1월'!L14+'2월'!L14 | M14: ='1월'!M14+'2월'!M14 | N14: =SUM(O14:U14) | O14: ='1월'!O14+'2월'!O14 | P14: ='1월'!P14+'2월'!P14 | Q14: ='1월'!Q14+'2월'!Q14 | R14: ='1월'!R14+'2월'!R14 | S14: ='1월'!S14+'2월'!S14 | T14: ='1월'!T14+'2월'!T14 | U14: ='1월'!U14+'2월'!U14
D15: =G15+M15+N15 | G15: =SUM(H15:L15) | H15: ='1월'!H15+'2월'!H15 | I15: ='1월'!I15+'2월'!I15 | J15: ='1월'!J15+'2월'!J15 | K15: ='1월'!K15+'2월'!K15 | L15: ='1월'!L15+'2월'!L15 | M15: ='1월'!M15+'2월'!M15 | N15: =SUM(O15:U15) | O15: ='1월'!O15+'2월'!O15 | P15: ='1월'!P15+'2월'!P15 | Q15: ='1월'!Q15+'2월'!Q15 | R15: ='1월'!R15+'2월'!R15 | S15: ='1월'!S15+'2월'!S15 | T15: ='1월'!T15+'2월'!T15 | U15: ='1월'!U15+'2월'!U15
D16: =G16+M16+N16 | G16: =SUM(H16:L16) | H16: =SUM(H17:H28) | I16: =SUM(I17:I28) | J16: =SUM(J17:J28) | K16: =SUM(K17:K28) | L16: =SUM(L17:L28) | M16: =SUM(M17:M28) | N16: =SUM(O16:U16) | O16: =SUM(O17:O28) | P16: =SUM(P17:P28) | Q16: =SUM(Q17:Q28) | R16: =SUM(R17:R28) | S16: =SUM(S17:S28) | T16: =SUM(T17:T28) | U16: =SUM(U17:U28)
D17: =G17+M17+N17 | G17: =SUM(H17:L17) | H17: ='1월'!H17+'2월'!H17 | I17: ='1월'!I17+'2월'!I17 | J17: ='1월'!J17+'2월'!J17 | K17: ='1월'!K17+'2월'!K17 | L17: ='1월'!L17+'2월'!L17 | M17: ='1월'!M17+'2월'!M17 | N17: =SUM(O17:U17) | O17: ='1월'!O17+'2월'!O17 | P17: ='1월'!P17+'2월'!P17 | Q17: ='1월'!Q17+'2월'!Q17 | R17: ='1월'!R17+'2월'!R17 | S17: ='1월'!S17+'2월'!S17 | T17: ='1월'!T17+'2월'!T17 | U17: ='1월'!U17+'2월'!U17
D18: =G18+M18+N18 | G18: =SUM(H18:L18) | H18: ='1월'!H18+'2월'!H18 | I18: ='1월'!I18+'2월'!I18 | J18: ='1월'!J18+'2월'!J18 | K18: ='1월'!K18+'2월'!K18 | L18: ='1월'!L18+'2월'!L18 | M18: ='1월'!M18+'2월'!M18 | N18: =SUM(O18:U18) | O18: ='1월'!O18+'2월'!O18 | P18: ='1월'!P18+'2월'!P18 | Q18: ='1월'!Q18+'2월'!Q18 | R18: ='1월'!R18+'2월'!R18 | S18: ='1월'!S18+'2월'!S18 | T18: ='1월'!T18+'2월'!T18 | U18: ='1월'!U18+'2월'!U18
D19: =G19+M19+N19 | G19: =SUM(H19:L19) | H19: ='1월'!H19+'2월'!H19 | I19: ='1월'!I19+'2월'!I19 | J19: ='1월'!J19+'2월'!J19 | K19: ='1월'!K19+'2월'!K19 | L19: ='1월'!L19+'2월'!L19 | M19: ='1월'!M19+'2월'!M19 | N19: =SUM(O19:U19) | O19: ='1월'!O19+'2월'!O19 | P19: ='1월'!P19+'2월'!P19 | Q19: ='1월'!Q19+'2월'!Q19 | R19: ='1월'!R19+'2월'!R19 | S19: ='1월'!S19+'2월'!S19 | T19: ='1월'!T19+'2월'!T19 | U19: ='1월'!U19+'2월'!U19
D20: =G20+M20+N20 | G20: =SUM(H20:L20) | H20: ='1월'!H20+'2월'!H20 | I20: ='1월'!I20+'2월'!I20 | J20: ='1월'!J20+'2월'!J20 | K20: ='1월'!K20+'2월'!K20 | L20: ='1월'!L20+'2월'!L20 | M20: ='1월'!M20+'2월'!M20 | N20: =SUM(O20:U20) | O20: ='1월'!O20+'2월'!O20 | P20: ='1월'!P20+'2월'!P20 | Q20: ='1월'!Q20+'2월'!Q20 | R20: ='1월'!R20+'2월'!R20 | S20: ='1월'!S20+'2월'!S20 | T20: ='1월'!T20+'2월'!T20 | U20: ='1월'!U20+'2월'!U20
D21: =G21+M21+N21 | G21: =SUM(H21:L21) | H21: ='1월'!H21+'2월'!H21 | I21: ='1월'!I21+'2월'!I21 | J21: ='1월'!J21+'2월'!J21 | K21: ='1월'!K21+'2월'!K21 | L21: ='1월'!L21+'2월'!L21 | M21: ='1월'!M21+'2월'!M21 | N21: =SUM(O21:U21) | O21: ='1월'!O21+'2월'!O21 | P21: ='1월'!P21+'2월'!P21 | Q21: ='1월'!Q21+'2월'!Q21 | R21: ='1월'!R21+'2월'!R21 | S21: ='1월'!S21+'2월'!S21 | T21: ='1월'!T21+'2월'!T21 | U21: ='1월'!U21+'2월'!U21
D22: =G22+M22+N22 | G22: =SUM(H22:L22) | H22: ='1월'!H22+'2월'!H22 | I22: ='1월'!I22+'2월'!I22 | J22: ='1월'!J22+'2월'!J22 | K22: ='1월'!K22+'2월'!K22 | L22: ='1월'!L22+'2월'!L22 | M22: ='1월'!M22+'2월'!M22 | N22: =SUM(O22:U22) | O22: ='1월'!O22+'2월'!O22 | P22: ='1월'!P22+'2월'!P22 | Q22: ='1월'!Q22+'2월'!Q22 | R22: ='1월'!R22+'2월'!R22 | S22: ='1월'!S22+'2월'!S22 | T22: ='1월'!T22+'2월'!T22 | U22: ='1월'!U22+'2월'!U22
D23: =G23+M23+N23 | G23: =SUM(H23:L23) | H23: ='1월'!H23+'2월'!H23 | I23: ='1월'!I23+'2월'!I23 | J23: ='1월'!J23+'2월'!J23 | K23: ='1월'!K23+'2월'!K23 | L23: ='1월'!L23+'2월'!L23 | M23: ='1월'!M23+'2월'!M23 | N23: =SUM(O23:U23) | O23: ='1월'!O23+'2월'!O23 | P23: ='1월'!P23+'2월'!P23 | Q23: ='1월'!Q23+'2월'!Q23 | R23: ='1월'!R23+'2월'!R23 | S23: ='1월'!S23+'2월'!S23 | T23: ='1월'!T23+'2월'!T23 | U23: ='1월'!U23+'2월'!U23
D24: =G24+M24+N24 | G24: =SUM(H24:L24) | H24: ='1월'!H24+'2월'!H24 | I24: ='1월'!I24+'2월'!I24 | J24: ='1월'!J24+'2월'!J24 | K24: ='1월'!K24+'2월'!K24 | L24: ='1월'!L24+'2월'!L24 | M24: ='1월'!M24+'2월'!M24 | N24: =SUM(O24:U24) | O24: ='1월'!O24+'2월'!O24 | P24: ='1월'!P24+'2월'!P24 | Q24: ='1월'!Q24+'2월'!Q24 | R24: ='1월'!R24+'2월'!R24 | S24: ='1월'!S24+'2월'!S24 | T24: ='1월'!T24+'2월'!T24 | U24: ='1월'!U24+'2월'!U24
D25: =G25+M25+N25 | G25: =SUM(H25:L25) | H25: ='1월'!H25+'2월'!H25 | I25: ='1월'!I25+'2월'!I25 | J25: ='1월'!J25+'2월'!J25 | K25: ='1월'!K25+'2월'!K25 | L25: ='1월'!L25+'2월'!L25 | M25: ='1월'!M25+'2월'!M25 | N25: =SUM(O25:U25) | O25: ='1월'!O25+'2월'!O25 | P25: ='1월'!P25+'2월'!P25 | Q25: ='1월'!Q25+'2월'!Q25 | R25: ='1월'!R25+'2월'!R25 | S25: ='1월'!S25+'2월'!S25 | T25: ='1월'!T25+'2월'!T25 | U25: ='1월'!U25+'2월'!U25
D26: =G26+M26+N26 | G26: =SUM(H26:L26) | H26: ='1월'!H26+'2월'!H26 | I26: ='1월'!I26+'2월'!I26 | J26: ='1월'!J26+'2월'!J26 | K26: ='1월'!K26+'2월'!K26 | L26: ='1월'!L26+'2월'!L26 | M26: ='1월'!M26+'2월'!M26 | N26: =SUM(O26:U26) | O26: ='1월'!O26+'2월'!O26 | P26: ='1월'!P26+'2월'!P26 | Q26: ='1월'!Q26+'2월'!Q26 | R26: ='1월'!R26+'2월'!R26 | S26: ='1월'!S26+'2월'!S26 | T26: ='1월'!T26+'2월'!T26 | U26: ='1월'!U26+'2월'!U26
D27: =G27+M27+N27 | G27: =SUM(H27:L27) | H27: ='1월'!H27+'2월'!H27 | I27: ='1월'!I27+'2월'!I27 | J27: ='1월'!J27+'2월'!J27 | K27: ='1월'!K27+'2월'!K27 | L27: ='1월'!L27+'2월'!L27 | M27: ='1월'!M27+'2월'!M27 | N27: =SUM(O27:U27) | O27: ='1월'!O27+'2월'!O27 | P27: ='1월'!P27+'2월'!P27 | Q27: ='1월'!Q27+'2월'!Q27 | R27: ='1월'!R27+'2월'!R27 | S27: ='1월'!S27+'2월'!S27 | T27: ='1월'!T27+'2월'!T27 | U27: ='1월'!U27+'2월'!U27
D28: =G28+M28+N28 | G28: =SUM(H28:L28) | H28: ='1월'!H28+'2월'!H28 | I28: ='1월'!I28+'2월'!I28 | J28: ='1월'!J28+'2월'!J28 | K28: ='1월'!K28+'2월'!K28 | L28: ='1월'!L28+'2월'!L28 | M28: ='1월'!M28+'2월'!M28 | N28: =SUM(O28:U28) | O28: ='1월'!O28+'2월'!O28 | P28: ='1월'!P28+'2월'!P28 | Q28: ='1월'!Q28+'2월'!Q28 | R28: ='1월'!R28+'2월'!R28 | S28: ='1월'!S28+'2월'!S28 | T28: ='1월'!T28+'2월'!T28 | U28: ='1월'!U28+'2월'!U28
D29: =G29+M29+N29 | G29: =SUM(H29:L29) | H29: =H6+H16 | I29: =I6+I16 | J29: =J6+J16 | K29: =K6+K16 | L29: =L6+L16 | M29: =M6+M16 | N29: =SUM(O29:U29) | O29: =O6+O16 | P29: =P6+P16 | Q29: =Q6+Q16 | R29: =R6+R16 | S29: =S6+S16 | T29: =T6+T16 | U29: =U6+U16
C36: =D6 | D36: =G36+M36+N36 | E36: =D36-C36 | F36: =IFERROR(D36/C36,0) | G36: =SUM(H36:L36) | H36: =SUM(H37:H41) | I36: =SUM(I37:I41) | J36: =SUM(J37:J41) | K36: =SUM(K37:K41) | L36: =SUM(L37:L41) | M36: =SUM(M37:M41) | N36: =SUM(O36:U36) | O36: =SUM(O37:O41) | P36: =SUM(P37:P41) | Q36: =SUM(Q37:Q41) | R36: =SUM(R37:R41) | S36: =SUM(S37:S41) | T36: =SUM(T37:T41) | U36: =SUM(U37:U41)
D37: =G37+M37+N37 | E37: =D37-C37 | F37: =IFERROR(D37/C37,"") | G37: =SUM(H37:L37) | N37: =SUM(O37:U37) | T37: ='1월'!T37+'2월'!T37 | U37: ='1월'!U37+'2월'!U37
D38: =G38+M38+N38 | E38: =D38-C38 | F38: =IFERROR(D38/C38,"") | G38: =SUM(H38:L38) | N38: =SUM(O38:U38) | T38: ='1월'!T38+'2월'!T38 | U38: ='1월'!U38+'2월'!U38
D39: =G39+M39+N39 | E39: =D39-C39 | F39: =IFERROR(D39/C39,"") | G39: =SUM(H39:L39) | N39: =SUM(O39:U39) | T39: ='1월'!T39+'2월'!T39 | U39: ='1월'!U39+'2월'!U39
D40: =G40+M40+N40 | E40: =D40-C40 | F40: =IFERROR(D40/C40,"") | G40: =SUM(H40:L40) | N40: =SUM(O40:U40) | T40: ='1월'!T40+'2월'!T40 | U40: ='1월'!U40+'2월'!U40
D41: =G41+M41+N41 | E41: =D41-C41 | F41: =IFERROR(D41/C41,"") | G41: =SUM(H41:L41) | N41: =SUM(O41:U41) | T41: =SUM(T42:T45) | U41: =SUM(U42:U45)
C42: =D12 | D42: =G42+M42+N42 | E42: =D42-C42 | F42: =IFERROR(D42/C42,0) | G42: =SUM(H42:L42) | N42: =SUM(O42:U42) | T42: ='1월'!T42+'2월'!T42 | U42: ='1월'!U42+'2월'!U42
C43: =D13 | D43: =G43+M43+N43 | E43: =D43-C43 | F43: =IFERROR(D43/C43,0) | G43: =SUM(H43:L43) | N43: =SUM(O43:U43) | T43: ='1월'!T43+'2월'!T43 | U43: ='1월'!U43+'2월'!U43
C44: =D14 | D44: =G44+M44+N44 | E44: =D44-C44 | F44: =IFERROR(D44/C44,0) | G44: =SUM(H44:L44) | N44: =SUM(O44:U44) | T44: ='1월'!T44+'2월'!T44 | U44: ='1월'!U44+'2월'!U44
C45: =D15 | D45: =G45+M45+N45 | E45: =D45-C45 | F45: =IFERROR(D45/C45,0) | G45: =SUM(H45:L45) | N45: =SUM(O45:U45) | T45: ='1월'!T45+'2월'!T45 | U45: ='1월'!U45+'2월'!U45
C46: =D16 | D46: =G46+M46+N46 | E46: =D46-C46 | F46: =IFERROR(D46/C46,0) | G46: =SUM(H46:L46) | H46: =SUM(H47:H58) | I46: =SUM(I47:I58) | J46: =SUM(J47:J58) | K46: =SUM(K47:K58) | L46: =SUM(L47:L58) | M46: =SUM(M47:M58) | N46: =SUM(O46:U46) | O46: =SUM(O47:O58) | P46: =SUM(P47:P58) | Q46: =SUM(Q47:Q58) | R46: =SUM(R47:R58) | S46: =SUM(S47:S58) | T46: =SUM(T47:T58) | U46: =SUM(U47:U58)
D47: =G47+M47+N47 | E47: =D47-C47 | F47: =IFERROR(D47/C47,"") | G47: =SUM(H47:L47) | N47: =SUM(O47:U47) | T47: ='1월'!T47+'2월'!T47 | U47: ='1월'!U47+'2월'!U47
D48: =G48+M48+N48 | E48: =D48-C48 | F48: =IFERROR(D48/C48,"") | G48: =SUM(H48:L48) | N48: =SUM(O48:U48) | T48: ='1월'!T48+'2월'!T48 | U48: ='1월'!U48+'2월'!U48
D49: =G49+M49+N49 | E49: =D49-C49 | F49: =IFERROR(D49/C49,"") | G49: =SUM(H49:L49) | N49: =SUM(O49:U49) | T49: ='1월'!T49+'2월'!T49 | U49: ='1월'!U49+'2월'!U49
D50: =G50+M50+N50 | E50: =D50-C50 | F50: =IFERROR(D50/C50,"") | G50: =SUM(H50:L50) | N50: =SUM(O50:U50) | T50: ='1월'!T50+'2월'!T50 | U50: ='1월'!U50+'2월'!U50
D51: =G51+M51+N51 | E51: =D51-C51 | F51: =IFERROR(D51/C51,"") | G51: =SUM(H51:L51) | N51: =SUM(O51:U51) | T51: ='1월'!T51+'2월'!T51 | U51: ='1월'!U51+'2월'!U51
D52: =G52+M52+N52 | E52: =D52-C52 | F52: =IFERROR(D52/C52,"") | G52: =SUM(H52:L52) | N52: =SUM(O52:U52) | T52: ='1월'!T52+'2월'!T52 | U52: ='1월'!U52+'2월'!U52
D53: =G53+M53+N53 | E53: =D53-C53 | F53: =IFERROR(D53/C53,"") | G53: =SUM(H53:L53) | N53: =SUM(O53:U53) | T53: ='1월'!T53+'2월'!T53 | U53: ='1월'!U53+'2월'!U53
D54: =G54+M54+N54 | E54: =D54-C54 | F54: =IFERROR(D54/C54,"") | G54: =SUM(H54:L54) | N54: =SUM(O54:U54) | T54: ='1월'!T54+'2월'!T54 | U54: ='1월'!U54+'2월'!U54
D55: =G55+M55+N55 | E55: =D55-C55 | F55: =IFERROR(D55/C55,"") | G55: =SUM(H55:L55) | N55: =SUM(O55:U55) | T55: ='1월'!T55+'2월'!T55 | U55: ='1월'!U55+'2월'!U55
D56: =G56+M56+N56 | E56: =D56-C56 | F56: =IFERROR(D56/C56,"") | G56: =SUM(H56:L56) | N56: =SUM(O56:U56) | T56: ='1월'!T56+'2월'!T56 | U56: ='1월'!U56+'2월'!U56
D57: =G57+M57+N57 | E57: =D57-C57 | F57: =IFERROR(D57/C57,"") | G57: =SUM(H57:L57) | N57: =SUM(O57:U57) | T57: ='1월'!T57+'2월'!T57 | U57: ='1월'!U57+'2월'!U57
D58: =G58+M58+N58 | E58: =D58-C58 | F58: =IFERROR(D58/C58,"") | G58: =SUM(H58:L58) | N58: =SUM(O58:U58) | T58: ='1월'!T58+'2월'!T58 | U58: ='1월'!U58+'2월'!U58
C59: =C36+C46 | D59: =D36+D46 | E59: =D59-C59 | F59: =IFERROR(D59/C59,"") | G59: =SUM(H59:L59) | H59: =H36+H46 | I59: =I36+I46 | J59: =J36+J46 | K59: =K36+K46 | L59: =L36+L46 | M59: =M36+M46 | N59: =N36+N46 | O59: =O36+O46 | ... U59: =U36+U46
D66: =G66+M66+N66 | G66: =SUM(H66:L66) | H66: =SUM(H67:H71) | I66: =SUM(I67:I71) | J66: =SUM(J67:J71) | K66: =SUM(K67:K71) | L66: =SUM(L67:L71) | M66: =SUM(M67:M71) | N66: =SUM(O66:U66) | O66: =SUM(O67:O71) | P66: =SUM(P67:P71) | Q66: =SUM(Q67:Q71) | R66: =SUM(R67:R71) | S66: =SUM(S67:S71) | T66: =SUM(T67:T71) | U66: =SUM(U67:U71)
D67: =G67+M67+N67 | G67: =SUM(H67:L67) | H67: =H37-H7 | I67: =I37-I7 | J67: =J37-J7 | K67: =K37-K7 | L67: =L37-L7 | M67: =M37-M7 | N67: =SUM(O67:U67) | O67: =O37-O7 | P67: =P37-P7 | Q67: =Q37-Q7 | R67: =R37-R7 | S67: =S37-S7 | T67: =T37-T7 | U67: =U37-U7
D68: =G68+M68+N68 | G68: =SUM(H68:L68) | H68: =H38-H8 | I68: =I38-I8 | J68: =J38-J8 | K68: =K38-K8 | L68: =L38-L8 | M68: =M38-M8 | N68: =SUM(O68:U68) | O68: =O38-O8 | P68: =P38-P8 | Q68: =Q38-Q8 | R68: =R38-R8 | S68: =S38-S8 | T68: =T38-T8 | U68: =U38-U8
D69: =G69+M69+N69 | G69: =SUM(H69:L69) | H69: =H39-H9 | I69: =I39-I9 | J69: =J39-J9 | K69: =K39-K9 | L69: =L39-L9 | M69: =M39-M9 | N69: =SUM(O69:U69) | O69: =O39-O9 | P69: =P39-P9 | Q69: =Q39-Q9 | R69: =R39-R9 | S69: =S39-S9 | T69: =T39-T9 | U69: =U39-U9
D70: =G70+M70+N70 | G70: =SUM(H70:L70) | H70: =H40-H10 | I70: =I40-I10 | J70: =J40-J10 | K70: =K40-K10 | L70: =L40-L10 | M70: =M40-M10 | N70: =SUM(O70:U70) | O70: =O40-O10 | P70: =P40-P10 | Q70: =Q40-Q10 | R70: =R40-R10 | S70: =S40-S10 | T70: =T40-T10 | U70: =U40-U10
D71: =G71+M71+N71 | G71: =SUM(H71:L71) | H71: =SUM(H72:H75) | I71: =SUM(I72:I75) | J71: =SUM(J72:J75) | K71: =SUM(K72:K75) | L71: =SUM(L72:L75) | M71: =SUM(M72:M75) | N71: =SUM(O71:U71) | O71: =SUM(O72:O75) | P71: =SUM(P72:P75) | Q71: =SUM(Q72:Q75) | R71: =SUM(R72:R75) | S71: =SUM(S72:S75) | T71: =SUM(T72:T75) | U71: =SUM(U72:U75)
D72: =G72+M72+N72 | G72: =SUM(H72:L72) | H72: =H42-H12 | I72: =I42-I12 | J72: =J42-J12 | K72: =K42-K12 | L72: =L42-L12 | M72: =M42-M12 | N72: =SUM(O72:U72) | O72: =O42-O12 | P72: =P42-P12 | Q72: =Q42-Q12 | R72: =R42-R12 | S72: =S42-S12 | T72: =T42-T12 | U72: =U42-U12
D73: =G73+M73+N73 | G73: =SUM(H73:L73) | H73: =H43-H13 | I73: =I43-I13 | J73: =J43-J13 | K73: =K43-K13 | L73: =L43-L13 | M73: =M43-M13 | N73: =SUM(O73:U73) | O73: =O43-O13 | P73: =P43-P13 | Q73: =Q43-Q13 | R73: =R43-R13 | S73: =S43-S13 | T73: =T43-T13 | U73: =U43-U13
D74: =G74+M74+N74 | G74: =SUM(H74:L74) | H74: =H44-H14 | I74: =I44-I14 | J74: =J44-J14 | K74: =K44-K14 | L74: =L44-L14 | M74: =M44-M14 | N74: =SUM(O74:U74) | O74: =O44-O14 | P74: =P44-P14 | Q74: =Q44-Q14 | R74: =R44-R14 | S74: =S44-S14 | T74: =T44-T14 | U74: =U44-U14
D75: =G75+M75+N75 | G75: =SUM(H75:L75) | H75: =H45-H15 | I75: =I45-I15 | J75: =J45-J15 | K75: =K45-K15 | L75: =L45-L15 | M75: =M45-M15 | N75: =SUM(O75:U75) | O75: =O45-O15 | P75: =P45-P15 | Q75: =Q45-Q15 | R75: =R45-R15 | S75: =S45-S15 | T75: =T45-T15 | U75: =U45-U15
D76: =G76+M76+N76 | G76: =SUM(H76:L76) | H76: =SUM(H77:H88) | I76: =SUM(I77:I88) | J76: =SUM(J77:J88) | K76: =SUM(K77:K88) | L76: =SUM(L77:L88) | M76: =SUM(M77:M88) | N76: =SUM(O76:U76) | O76: =SUM(O77:O88) | P76: =SUM(P77:P88) | Q76: =SUM(Q77:Q88) | R76: =SUM(R77:R88) | S76: =SUM(S77:S88) | T76: =SUM(T77:T88) | U76: =SUM(U77:U88)
D77: =G77+M77+N77 | G77: =SUM(H77:L77) | H77: =H47-H17 | I77: =I47-I17 | J77: =J47-J17 | K77: =K47-K17 | L77: =L47-L17 | M77: =M47-M17 | N77: =SUM(O77:U77) | O77: =O47-O17 | P77: =P47-P17 | Q77: =Q47-Q17 | R77: =R47-R17 | S77: =S47-S17 | T77: =T47-T17 | U77: =U47-U17
D78: =G78+M78+N78 | G78: =SUM(H78:L78) | H78: =H48-H18 | I78: =I48-I18 | J78: =J48-J18 | K78: =K48-K18 | L78: =L48-L18 | M78: =M48-M18 | N78: =SUM(O78:U78) | O78: =O48-O18 | P78: =P48-P18 | Q78: =Q48-Q18 | R78: =R48-R18 | S78: =S48-S18 | T78: =T48-T18 | U78: =U48-U18
D79: =G79+M79+N79 | G79: =SUM(H79:L79) | H79: =H49-H19 | I79: =I49-I19 | J79: =J49-J19 | K79: =K49-K19 | L79: =L49-L19 | M79: =M49-M19 | N79: =SUM(O79:U79) | O79: =O49-O19 | P79: =P49-P19 | Q79: =Q49-Q19 | R79: =R49-R19 | S79: =S49-S19 | T79: =T49-T19 | U79: =U49-U19
D80: =G80+M80+N80 | G80: =SUM(H80:L80) | H80: =H50-H20 | I80: =I50-I20 | J80: =J50-J20 | K80: =K50-K20 | L80: =L50-L20 | M80: =M50-M20 | N80: =SUM(O80:U80) | O80: =O50-O20 | P80: =P50-P20 | Q80: =Q50-Q20 | R80: =R50-R20 | S80: =S50-S20 | T80: =T50-T20 | U80: =U50-U20
D81: =G81+M81+N81 | G81: =SUM(H81:L81) | H81: =H51-H21 | I81: =I51-I21 | J81: =J51-J21 | K81: =K51-K21 | L81: =L51-L21 | M81: =M51-M21 | N81: =SUM(O81:U81) | O81: =O51-O21 | P81: =P51-P21 | Q81: =Q51-Q21 | R81: =R51-R21 | S81: =S51-S21 | T81: =T51-T21 | U81: =U51-U21
D82: =G82+M82+N82 | G82: =SUM(H82:L82) | H82: =H52-H22 | I82: =I52-I22 | J82: =J52-J22 | K82: =K52-K22 | L82: =L52-L22 | M82: =M52-M22 | N82: =SUM(O82:U82) | O82: =O52-O22 | P82: =P52-P22 | Q82: =Q52-Q22 | R82: =R52-R22 | S82: =S52-S22 | T82: =T52-T22 | U82: =U52-U22
D83: =G83+M83+N83 | G83: =SUM(H83:L83) | H83: =H53-H23 | I83: =I53-I23 | J83: =J53-J23 | K83: =K53-K23 | L83: =L53-L23 | M83: =M53-M23 | N83: =SUM(O83:U83) | O83: =O53-O23 | P83: =P53-P23 | Q83: =Q53-Q23 | R83: =R53-R23 | S83: =S53-S23 | T83: =T53-T23 | U83: =U53-U23
D84: =G84+M84+N84 | G84: =SUM(H84:L84) | H84: =H54-H24 | I84: =I54-I24 | J84: =J54-J24 | K84: =K54-K24 | L84: =L54-L24 | M84: =M54-M24 | N84: =SUM(O84:U84) | O84: =O54-O24 | P84: =P54-P24 | Q84: =Q54-Q24 | R84: =R54-R24 | S84: =S54-S24 | T84: =T54-T24 | U84: =U54-U24
D85: =G85+M85+N85 | G85: =SUM(H85:L85) | H85: =H55-H25 | I85: =I55-I25 | J85: =J55-J25 | K85: =K55-K25 | L85: =L55-L25 | M85: =M55-M25 | N85: =SUM(O85:U85) | O85: =O55-O25 | P85: =P55-P25 | Q85: =Q55-Q25 | R85: =R55-R25 | S85: =S55-S25 | T85: =T55-T25 | U85: =U55-U25
D86: =G86+M86+N86 | G86: =SUM(H86:L86) | H86: =H56-H26 | I86: =I56-I26 | J86: =J56-J26 | K86: =K56-K26 | L86: =L56-L26 | M86: =M56-M26 | N86: =SUM(O86:U86) | O86: =O56-O26 | P86: =P56-P26 | Q86: =Q56-Q26 | R86: =R56-R26 | S86: =S56-S26 | T86: =T56-T26 | U86: =U56-U26
D87: =G87+M87+N87 | G87: =SUM(H87:L87) | H87: =H57-H27 | I87: =I57-I27 | J87: =J57-J27 | K87: =K57-K27 | L87: =L57-L27 | M87: =M57-M27 | N87: =SUM(O87:U87) | O87: =O57-O27 | P87: =P57-P27 | Q87: =Q57-Q27 | R87: =R57-R27 | S87: =S57-S27 | T87: =T57-T27 | U87: =U57-U27
D88: =G88+M88+N88 | G88: =SUM(H88:L88) | H88: =H58-H28 | I88: =I58-I28 | J88: =J58-J28 | K88: =K58-K28 | L88: =L58-L28 | M88: =M58-M28 | N88: =SUM(O88:U88) | O88: =O58-O28 | P88: =P58-P28 | Q88: =Q58-Q28 | R88: =R58-R28 | S88: =S58-S28 | T88: =T58-T28 | U88: =U58-U28
D89: =D66+D76 | G89: =SUM(H89:L89) | H89: =H66+H76 | I89: =I66+I76 | J89: =J66+J76 | K89: =K66+K76 | L89: =L66+L76 | M89: =M66+M76 | N89: =SUM(O89:U89) | O89: =O66+O76 | P89: =P66+P76 | Q89: =Q66+Q76 | R89: =R66+R76 | S89: =S66+S76 | T89: =T66+T76 | U89: =U66+U76

Sheet 2월 누계_Diff
E5: =D5-C5 | F5: =IFERROR(D5/C5,"") | J5: =I5-H5 | K5: =IFERROR(I5/H5,"") | O5: =N5-M5 | P5: =IFERROR(N5/M5,"") | T5: =S5-R5 | U5: =IFERROR(S5/R5,"") | Y5: =X5-W5 | Z5: =IFERROR(X5/W5,"") | AD5: =AC5-AB5 | AE5: =IFERROR(AC5/AB5,"") | AI5: =AH5-AG5 | AJ5: =IFERROR(AH5/AG5,"")
E6: =D6-C6 | F6: =IFERROR(D6/C6,"") | J6: =I6-H6 | K6: =IFERROR(I6/H6,"") | O6: =N6-M6 | P6: =IFERROR(N6/M6,"") | T6: =S6-R6 | U6: =IFERROR(S6/R6,"") | Y6: =X6-W6 | Z6: =IFERROR(X6/W6,"") | AD6: =AC6-AB6 | AE6: =IFERROR(AC6/AB6,"") | AI6: =AH6-AG6 | AJ6: =IFERROR(AH6/AG6,"")
E7: =D7-C7 | F7: =IFERROR(D7/C7,"") | J7: =I7-H7 | K7: =IFERROR(I7/H7,"") | O7: =N7-M7 | P7: =IFERROR(N7/M7,"") | T7: =S7-R7 | U7: =IFERROR(S7/R7,"") | Y7: =X7-W7 | Z7: =IFERROR(X7/W7,"") | AD7: =AC7-AB7 | AE7: =IFERROR(AC7/AB7,"") | AI7: =AH7-AG7 | AJ7: =IFERROR(AH7/AG7,"")
E8: =D8-C8 | F8: =IFERROR(D8/C8,"") | J8: =I8-H8 | K8: =IFERROR(I8/H8,"") | O8: =N8-M8 | P8: =IFERROR(N8/M8,"") | T8: =S8-R8 | U8: =IFERROR(S8/R8,"") | Y8: =X8-W8 | Z8: =IFERROR(X8/W8,"") | AD8: =AC8-AB8 | AE8: =IFERROR(AC8/AB8,"") | AI8: =AH8-AG8 | AJ8: =IFERROR(AH8/AG8,"")
E9: =D9-C9 | F9: =IFERROR(D9/C9,"") | J9: =I9-H9 | K9: =IFERROR(I9/H9,"") | O9: =N9-M9 | P9: =IFERROR(N9/M9,"") | T9: =S9-R9 | U9: =IFERROR(S9/R9,"") | Y9: =X9-W9 | Z9: =IFERROR(X9/W9,"") | AD9: =AC9-AB9 | AE9: =IFERROR(AC9/AB9,"") | AI9: =AH9-AG9 | AJ9: =IFERROR(AH9/AG9,"")
E10: =D10-C10 | F10: =IFERROR(D10/C10,"") | J10: =I10-H10 | K10: =IFERROR(I10/H10,"") | O10: =N10-M10 | P10: =IFERROR(N10/M10,"") | T10: =S10-R10 | U10: =IFERROR(S10/R10,"") | Y10: =X10-W10 | Z10: =IFERROR(X10/W10,"") | AD10: =AC10-AB10 | AE10: =IFERROR(AC10/AB10,"") | AI10: =AH10-AG10 | AJ10: =IFERROR(AH10/AG10,"")
C11: =SUM(C5:C10) | D11: =SUM(D5:D10) | E11: =D11-C11 | F11: =IFERROR(D11/C11,"") | H11: =SUM(H5:H10) | I11: =SUM(I5:I10) | J11: =I11-H11 | K11: =IFERROR(I11/H11,"") | M11: =SUM(M5:M10) | N11: =SUM(N5:N10) | O11: =N11-M11 | P11: =IFERROR(N11/M11,"") | R11: =SUM(R5:R10) | S11: =SUM(S5:S10) | T11: =S11-R11 | U11: =IFERROR(S11/R11,"") | W11: =SUM(W5:W10) | X11: =SUM(X5:X10) | Y11: =X11-W11 | Z11: =IFERROR(X11/W11,"") | AB11: =SUM(AB5:AB10) | AC11: =SUM(AC5:AC10) | AD11: =AC11-AB11 | AE11: =IFERROR(AC11/AB11,"") | AG11: =SUM(AG5:AG10) | AH11: =SUM(AH5:AH10) | AI11: =AH11-AG11 | AJ11: =IFERROR(AH11/AG11,"")
E12: =D12-C12 | F12: =IFERROR(D12/C12,"") | J12: =I12-H12 | K12: =IFERROR(I12/H12,"") | O12: =N12-M12 | P12: =IFERROR(N12/M12,"") | T12: =S12-R12 | U12: =IFERROR(S12/R12,"") | Y12: =X12-W12 | Z12: =IFERROR(X12/W12,"") | AD12: =AC12-AB12 | AE12: =IFERROR(AC12/AB12,"") | AI12: =AH12-AG12 | AJ12: =IFERROR(AH12/AG12,"")
E13: =D13-C13 | F13: =IFERROR(D13/C13,"") | J13: =I13-H13 | K13: =IFERROR(I13/H13,"") | O13: =N13-M13 | P13: =IFERROR(N13/M13,"") | T13: =S13-R13 | U13: =IFERROR(S13/R13,"") | Y13: =X13-W13 | Z13: =IFERROR(X13/W13,"") | AD13: =AC13-AB13 | AE13: =IFERROR(AC13/AB13,"") | AI13: =AH13-AG13 | AJ13: =IFERROR(AH13/AG13,"")
E14: =D14-C14 | F14: =IFERROR(D14/C14,"") | J14: =I14-H14 | K14: =IFERROR(I14/H14,"") | O14: =N14-M14 | P14: =IFERROR(N14/M14,"") | T14: =S14-R14 | U14: =IFERROR(S14/R14,"") | Y14: =X14-W14 | Z14: =IFERROR(X14/W14,"") | AD14: =AC14-AB14 | AE14: =IFERROR(AC14/AB14,"") | AI14: =AH14-AG14 | AJ14: =IFERROR(AH14/AG14,"")
E15: =D15-C15 | F15: =IFERROR(D15/C15,"") | J15: =I15-H15 | K15: =IFERROR(I15/H15,"") | O15: =N15-M15 | P15: =IFERROR(N15/M15,"") | T15: =S15-R15 | U15: =IFERROR(S15/R15,"") | Y15: =X15-W15 | Z15: =IFERROR(X15/W15,"") | AD15: =AC15-AB15 | AE15: =IFERROR(AC15/AB15,"") | AI15: =AH15-AG15 | AJ15: =IFERROR(AH15/AG15,"")
E16: =D16-C16 | F16: =IFERROR(D16/C16,"") | J16: =I16-H16 | K16: =IFERROR(I16/H16,"") | O16: =N16-M16 | P16: =IFERROR(N16/M16,"") | T16: =S16-R16 | U16: =IFERROR(S16/R16,"") | Y16: =X16-W16 | Z16: =IFERROR(X16/W16,"") | AD16: =AC16-AB16 | AE16: =IFERROR(AC16/AB16,"") | AI16: =AH16-AG16 | AJ16: =IFERROR(AH16/AG16,"")
E17: =D17-C17 | F17: =IFERROR(D17/C17,"") | J17: =I17-H17 | K17: =IFERROR(I17/H17,"") | O17: =N17-M17 | P17: =IFERROR(N17/M17,"") | T17: =S17-R17 | U17: =IFERROR(S17/R17,"") | Y17: =X17-W17 | Z17: =IFERROR(X17/W17,"") | AD17: =AC17-AB17 | AE17: =IFERROR(AC17/AB17,"") | AI17: =AH17-AG17 | AJ17: =IFERROR(AH17/AG17,"")
C18: =SUM(C12:C17) | D18: =SUM(D12:D17) | E18: =D18-C18 | F18: =IFERROR(D18/C18,"") | H18: =SUM(H12:H17) | I18: =SUM(I12:I17) | J18: =I18-H18 | K18: =IFERROR(I18/H18,"") | M18: =SUM(M12:M17) | N18: =SUM(N12:N17) | O18: =N18-M18 | P18: =IFERROR(N18/M18,"") | R18: =SUM(R12:R17) | S18: =SUM(S12:S17) | T18: =S18-R18 | U18: =IFERROR(S18/R18,"") | W18: =SUM(W12:W17) | X18: =SUM(X12:X17) | Y18: =X18-W18 | Z18: =IFERROR(X18/W18,"") | AB18: =SUM(AB12:AB17) | AC18: =SUM(AC12:AC17) | AD18: =AC18-AB18 | AE18: =IFERROR(AC18/AB18,"") | AG18: =SUM(AG12:AG17) | AH18: =SUM(AH12:AH17) | AI18: =AH18-AG18 | AJ18: =IFERROR(AH18/AG18,"")
C19: =C11+C18 | D19: =D11+D18 | E19: =D19-C19 | F19: =IFERROR(D19/C19,"") | H19: =H11+H18 | I19: =I11+I18 | J19: =I19-H19 | K19: =IFERROR(I19/H19,"") | M19: =M11+M18 | N19: =N11+N18 | O19: =N19-M19 | P19: =IFERROR(N19/M19,"") | R19: =R11+R18 | S19: =S11+S18 | T19: =S19-R19 | U19: =IFERROR(S19/R19,"") | W19: =W11+W18 | X19: =X11+X18 | Y19: =X19-W19 | Z19: =IFERROR(X19/W19,"") | AB19: =AB11+AB18 | AC19: =AC11+AC18 | AD19: =AC19-AB19 | AE19: =IFERROR(AC19/AB19,"") | AG19: =AG11+AG18 | AH19: =AH11+AH18 | AI19: =AH19-AG19 | AJ19: =IFERROR(AH19/AG19,"")

Sheet 3월
D6: =G6+M6+N6 | G6: =SUM(H6:L6) | H6: =SUM(H7:H11) | I6: =SUM(I7:I11) | J6: =SUM(J7:J11) | K6: =SUM(K7:K11) | L6: =SUM(L7:L11) | M6: =SUM(M7:M11) | N6: =SUM(O6:U6) | O6: =SUM(O7:O11) | P6: =SUM(P7:P11) | Q6: =SUM(Q7:Q11) | R6: =SUM(R7:R11) | S6: =SUM(S7:S11) | T6: =SUM(T7:T11) | U6: =SUM(U7:U11)
D7: =G7+M7+N7 | G7: =SUM(H7:L7) | N7: =SUM(O7:U7)
D8: =G8+M8+N8 | G8: =SUM(H8:L8) | N8: =SUM(O8:U8)
D9: =G9+M9+N9 | G9: =SUM(H9:L9) | N9: =SUM(O9:U9)
D10: =G10+M10+N10 | G10: =SUM(H10:L10) | N10: =SUM(O10:U10)
D11: =G11+M11+N11 | G11: =SUM(H11:L11) | H11: =SUM(H12:H15) | I11: =SUM(I12:I15) | J11: =SUM(J12:J15) | K11: =SUM(K12:K15) | L11: =SUM(L12:L15) | M11: =SUM(M12:M15) | N11: =SUM(O11:U11) | O11: =SUM(O12:O15) | P11: =SUM(P12:P15) | Q11: =SUM(Q12:Q15) | R11: =SUM(R12:R15) | S11: =SUM(S12:S15) | T11: =SUM(T12:T15) | U11: =SUM(U12:U15)
D12: =G12+M12+N12 | G12: =SUM(H12:L12) | N12: =SUM(O12:U12)
D13: =G13+M13+N13 | G13: =SUM(H13:L13) | N13: =SUM(O13:U13)
D14: =G14+M14+N14 | G14: =SUM(H14:L14) | N14: =SUM(O14:U14)
D15: =G15+M15+N15 | G15: =SUM(H15:L15) | N15: =SUM(O15:U15)
D16: =G16+M16+N16 | G16: =SUM(H16:L16) | H16: =SUM(H17:H28) | I16: =SUM(I17:I28) | J16: =SUM(J17:J28) | K16: =SUM(K17:K28) | L16: =SUM(L17:L28) | M16: =SUM(M17:M28) | N16: =SUM(O16:U16) | O16: =SUM(O17:O28) | P16: =SUM(P17:P28) | Q16: =SUM(Q17:Q28) | R16: =SUM(R17:R28) | S16: =SUM(S17:S28) | T16: =SUM(T17:T28) | U16: =SUM(U17:U28)
D17: =G17+M17+N17 | G17: =SUM(H17:L17) | N17: =SUM(O17:U17)
D18: =G18+M18+N18 | G18: =SUM(H18:L18) | N18: =SUM(O18:U18)
D19: =G19+M19+N19 | G19: =SUM(H19:L19) | N19: =SUM(O19:U19)
D20: =G20+M20+N20 | G20: =SUM(H20:L20) | N20: =SUM(O20:U20)
D21: =G21+M21+N21 | G21: =SUM(H21:L21) | N21: =SUM(O21:U21)
D22: =G22+M22+N22 | G22: =SUM(H22:L22) | N22: =SUM(O22:U22)
D23: =G23+M23+N23 | G23: =SUM(H23:L23) | N23: =SUM(O23:U23)
D24: =G24+M24+N24 | G24: =SUM(H24:L24) | N24: =SUM(O24:U24)
D25: =G25+M25+N25 | G25: =SUM(H25:L25) | N25: =SUM(O25:U25)
D26: =G26+M26+N26 | G26: =SUM(H26:L26) | N26: =SUM(O26:U26)
D27: =G27+M27+N27 | G27: =SUM(H27:L27) | N27: =SUM(O27:U27)
D28: =G28+M28+N28 | G28: =SUM(H28:L28) | N28: =SUM(O28:U28)
D29: =G29+M29+N29 | G29: =SUM(H29:L29) | H29: =H6+H16 | I29: =I6+I16 | J29: =J6+J16 | K29: =K6+K16 | L29: =L6+L16 | M29: =M6+M16 | N29: =SUM(O29:U29) | O29: =O6+O16 | P29: =P6+P16 | Q29: =Q6+Q16 | R29: =R6+R16 | S29: =S6+S16 | T29: =T6+T16 | U29: =U6+U16
C36: =D6 | D36: =G36+M36+N36 | E36: =D36-C36 | F36: =IFERROR(D36/C36,0) | G36: =SUM(H36:L36) | H36: =SUM(H37:H41) | I36: =SUM(I37:I41) | J36: =SUM(J37:J41) | K36: =SUM(K37:K41) | L36: =SUM(L37:L41) | M36: =SUM(M37:M41) | N36: =SUM(O36:U36) | O36: =SUM(O37:O41) | P36: =SUM(P37:P41) | Q36: =SUM(Q37:Q41) | R36: =SUM(R37:R41) | S36: =SUM(S37:S41) | T36: =SUM(T37:T41) | U36: =SUM(U37:U41)
D37: =G37+M37+N37 | E37: =D37-C37 | F37: =IFERROR(D37/C37,"") | G37: =SUM(H37:L37) | N37: =SUM(O37:U37)
D38: =G38+M38+N38 | E38: =D38-C38 | F38: =IFERROR(D38/C38,"") | G38: =SUM(H38:L38) | N38: =SUM(O38:U38)
D39: =G39+M39+N39 | E39: =D39-C39 | F39: =IFERROR(D39/C39,"") | G39: =SUM(H39:L39) | N39: =SUM(O39:U39)
D40: =G40+M40+N40 | E40: =D40-C40 | F40: =IFERROR(D40/C40,"") | G40: =SUM(H40:L40) | N40: =SUM(O40:U40)
D41: =G41+M41+N41 | E41: =D41-C41 | F41: =IFERROR(D41/C41,"") | G41: =SUM(H41:L41) | N41: =SUM(O41:U41) | T41: =SUM(T42:T45) | U41: =SUM(U42:U45)
C42: =D12 | D42: =G42+M42+N42 | E42: =D42-C42 | F42: =IFERROR(D42/C42,0) | G42: =SUM(H42:L42) | N42: =SUM(O42:U42)
C43: =D13 | D43: =G43+M43+N43 | E43: =D43-C43 | F43: =IFERROR(D43/C43,0) | G43: =SUM(H43:L43) | N43: =SUM(O43:U43)
C44: =D14 | D44: =G44+M44+N44 | E44: =D44-C44 | F44: =IFERROR(D44/C44,0) | G44: =SUM(H44:L44) | N44: =SUM(O44:U44)
C45: =D15 | D45: =G45+M45+N45 | E45: =D45-C45 | F45: =IFERROR(D45/C45,0) | G45: =SUM(H45:L45) | N45: =SUM(O45:U45)
C46: =D16 | D46: =G46+M46+N46 | E46: =D46-C46 | F46: =IFERROR(D46/C46,0) | G46: =SUM(H46:L46) | H46: =SUM(H47:H58) | I46: =SUM(I47:I58) | J46: =SUM(J47:J58) | K46: =SUM(K47:K58) | L46: =SUM(L47:L58) | M46: =SUM(M47:M58) | N46: =SUM(O46:U46) | O46: =SUM(O47:O58) | P46: =SUM(P47:P58) | Q46: =SUM(Q47:Q58) | R46: =SUM(R47:R58) | S46: =SUM(S47:S58) | T46: =SUM(T47:T58) | U46: =SUM(U47:U58)
D47: =G47+M47+N47 | E47: =D47-C47 | F47: =IFERROR(D47/C47,"") | G47: =SUM(H47:L47) | N47: =SUM(O47:U47)
D48: =G48+M48+N48 | E48: =D48-C48 | F48: =IFERROR(D48/C48,"") | G48: =SUM(H48:L48) | N48: =SUM(O48:U48)
D49: =G49+M49+N49 | E49: =D49-C49 | F49: =IFERROR(D49/C49,"") | G49: =SUM(H49:L49) | N49: =SUM(O49:U49)
D50: =G50+M50+N50 | E50: =D50-C50 | F50: =IFERROR(D50/C50,"") | G50: =SUM(H50:L50) | N50: =SUM(O50:U50)
D51: =G51+M51+N51 | E51: =D51-C51 | F51: =IFERROR(D51/C51,"") | G51: =SUM(H51:L51) | N51: =SUM(O51:U51)
D52: =G52+M52+N52 | E52: =D52-C52 | F52: =IFERROR(D52/C52,"") | G52: =SUM(H52:L52) | N52: =SUM(O52:U52)
D53: =G53+M53+N53 | E53: =D53-C53 | F53: =IFERROR(D53/C53,"") | G53: =SUM(H53:L53) | N53: =SUM(O53:U53)
D54: =G54+M54+N54 | E54: =D54-C54 | F54: =IFERROR(D54/C54,"") | G54: =SUM(H54:L54) | N54: =SUM(O54:U54)
D55: =G55+M55+N55 | E55: =D55-C55 | F55: =IFERROR(D55/C55,"") | G55: =SUM(H55:L55) | N55: =SUM(O55:U55)
D56: =G56+M56+N56 | E56: =D56-C56 | F56: =IFERROR(D56/C56,"") | G56: =SUM(H56:L56) | N56: =SUM(O56:U56)
D57: =G57+M57+N57 | E57: =D57-C57 | F57: =IFERROR(D57/C57,"") | G57: =SUM(H57:L57) | N57: =SUM(O57:U57)
D58: =G58+M58+N58 | E58: =D58-C58 | F58: =IFERROR(D58/C58,"") | G58: =SUM(H58:L58) | N58: =SUM(O58:U58)
C59: =C36+C46 | D59: =D36+D46 | E59: =D59-C59 | F59: =IFERROR(D59/C59,"") | G59: =SUM(H59:L59) | H59: =H36+H46 | I59: =I36+I46 | J59: =J36+J46 | K59: =K36+K46 | L59: =L36+L46 | M59: =M36+M46 | N59: =N36+N46 | O59: =O36+O46 | ... U59: =U36+U46
D66: =G66+M66+N66 | G66: =SUM(H66:L66) | H66: =SUM(H67:H71) | I66: =SUM(I67:I71) | J66: =SUM(J67:J71) | K66: =SUM(K67:K71) | L66: =SUM(L67:L71) | M66: =SUM(M67:M71) | N66: =SUM(O66:U66) | O66: =SUM(O67:O71) | P66: =SUM(P67:P71) | Q66: =SUM(Q67:Q71) | R66: =SUM(R67:R71) | S66: =SUM(S67:S71) | T66: =SUM(T67:T71) | U66: =SUM(U67:U71)
D67: =G67+M67+N67 | G67: =SUM(H67:L67) | H67: =H37-H7 | I67: =I37-I7 | J67: =J37-J7 | K67: =K37-K7 | L67: =L37-L7 | M67: =M37-M7 | N67: =SUM(O67:U67) | O67: =O37-O7 | P67: =P37-P7 | Q67: =Q37-Q7 | R67: =R37-R7 | S67: =S37-S7 | T67: =T37-T7 | U67: =U37-U7
D68: =G68+M68+N68 | G68: =SUM(H68:L68) | H68: =H38-H8 | I68: =I38-I8 | J68: =J38-J8 | K68: =K38-K8 | L68: =L38-L8 | M68: =M38-M8 | N68: =SUM(O68:U68) | O68: =O38-O8 | P68: =P38-P8 | Q68: =Q38-Q8 | R68: =R38-R8 | S68: =S38-S8 | T68: =T38-T8 | U68: =U38-U8
D69: =G69+M69+N69 | G69: =SUM(H69:L69) | H69: =H39-H9 | I69: =I39-I9 | J69: =J39-J9 | K69: =K39-K9 | L69: =L39-L9 | M69: =M39-M9 | N69: =SUM(O69:U69) | O69: =O39-O9 | P69: =P39-P9 | Q69: =Q39-Q9 | R69: =R39-R9 | S69: =S39-S9 | T69: =T39-T9 | U69: =U39-U9
D70: =G70+M70+N70 | G70: =SUM(H70:L70) | H70: =H40-H10 | I70: =I40-I10 | J70: =J40-J10 | K70: =K40-K10 | L70: =L40-L10 | M70: =M40-M10 | N70: =SUM(O70:U70) | O70: =O40-O10 | P70: =P40-P10 | Q70: =Q40-Q10 | R70: =R40-R10 | S70: =S40-S10 | T70: =T40-T10 | U70: =U40-U10
D71: =G71+M71+N71 | G71: =SUM(H71:L71) | H71: =SUM(H72:H75) | I71: =SUM(I72:I75) | J71: =SUM(J72:J75) | K71: =SUM(K72:K75) | L71: =SUM(L72:L75) | M71: =SUM(M72:M75) | N71: =SUM(O71:U71) | O71: =SUM(O72:O75) | P71: =SUM(P72:P75) | Q71: =SUM(Q72:Q75) | R71: =SUM(R72:R75) | S71: =SUM(S72:S75) | T71: =SUM(T72:T75) | U71: =SUM(U72:U75)
D72: =G72+M72+N72 | G72: =SUM(H72:L72) | H72: =H42-H12 | I72: =I42-I12 | J72: =J42-J12 | K72: =K42-K12 | L72: =L42-L12 | M72: =M42-M12 | N72: =SUM(O72:U72) | O72: =O42-O12 | P72: =P42-P12 | Q72: =Q42-Q12 | R72: =R42-R12 | S72: =S42-S12 | T72: =T42-T12 | U72: =U42-U12
D73: =G73+M73+N73 | G73: =SUM(H73:L73) | H73: =H43-H13 | I73: =I43-I13 | J73: =J43-J13 | K73: =K43-K13 | L73: =L43-L13 | M73: =M43-M13 | N73: =SUM(O73:U73) | O73: =O43-O13 | P73: =P43-P13 | Q73: =Q43-Q13 | R73: =R43-R13 | S73: =S43-S13 | T73: =T43-T13 | U73: =U43-U13
D74: =G74+M74+N74 | G74: =SUM(H74:L74) | H74: =H44-H14 | I74: =I44-I14 | J74: =J44-J14 | K74: =K44-K14 | L74: =L44-L14 | M74: =M44-M14 | N74: =SUM(O74:U74) | O74: =O44-O14 | P74: =P44-P14 | Q74: =Q44-Q14 | R74: =R44-R14 | S74: =S44-S14 | T74: =T44-T14 | U74: =U44-U14
D75: =G75+M75+N75 | G75: =SUM(H75:L75) | H75: =H45-H15 | I75: =I45-I15 | J75: =J45-J15 | K75: =K45-K15 | L75: =L45-L15 | M75: =M45-M15 | N75: =SUM(O75:U75) | O75: =O45-O15 | P75: =P45-P15 | Q75: =Q45-Q15 | R75: =R45-R15 | S75: =S45-S15 | T75: =T45-T15 | U75: =U45-U15
D76: =G76+M76+N76 | G76: =SUM(H76:L76) | H76: =SUM(H77:H88) | I76: =SUM(I77:I88) | J76: =SUM(J77:J88) | K76: =SUM(K77:K88) | L76: =SUM(L77:L88) | M76: =SUM(M77:M88) | N76: =SUM(O76:U76) | O76: =SUM(O77:O88) | P76: =SUM(P77:P88) | Q76: =SUM(Q77:Q88) | R76: =SUM(R77:R88) | S76: =SUM(S77:S88) | T76: =SUM(T77:T88) | U76: =SUM(U77:U88)
D77: =G77+M77+N77 | G77: =SUM(H77:L77) | H77: =H47-H17 | I77: =I47-I17 | J77: =J47-J17 | K77: =K47-K17 | L77: =L47-L17 | M77: =M47-M17 | N77: =SUM(O77:U77) | O77: =O47-O17 | P77: =P47-P17 | Q77: =Q47-Q17 | R77: =R47-R17 | S77: =S47-S17 | T77: =T47-T17 | U77: =U47-U17
D78: =G78+M78+N78 | G78: =SUM(H78:L78) | H78: =H48-H18 | I78: =I48-I18 | J78: =J48-J18 | K78: =K48-K18 | L78: =L48-L18 | M78: =M48-M18 | N78: =SUM(O78:U78) | O78: =O48-O18 | P78: =P48-P18 | Q78: =Q48-Q18 | R78: =R48-R18 | S78: =S48-S18 | T78: =T48-T18 | U78: =U48-U18
D79: =G79+M79+N79 | G79: =SUM(H79:L79) | H79: =H49-H19 | I79: =I49-I19 | J79: =J49-J19 | K79: =K49-K19 | L79: =L49-L19 | M79: =M49-M19 | N79: =SUM(O79:U79) | O79: =O49-O19 | P79: =P49-P19 | Q79: =Q49-Q19 | R79: =R49-R19 | S79: =S49-S19 | T79: =T49-T19 | U79: =U49-U19
D80: =G80+M80+N80 | G80: =SUM(H80:L80) | H80: =H50-H20 | I80: =I50-I20 | J80: =J50-J20 | K80: =K50-K20 | L80: =L50-L20 | M80: =M50-M20 | N80: =SUM(O80:U80) | O80: =O50-O20 | P80: =P50-P20 | Q80: =Q50-Q20 | R80: =R50-R20 | S80: =S50-S20 | T80: =T50-T20 | U80: =U50-U20
D81: =G81+M81+N81 | G81: =SUM(H81:L81) | H81: =H51-H21 | I81: =I51-I21 | J81: =J51-J21 | K81: =K51-K21 | L81: =L51-L21 | M81: =M51-M21 | N81: =SUM(O81:U81) | O81: =O51-O21 | P81: =P51-P21 | Q81: =Q51-Q21 | R81: =R51-R21 | S81: =S51-S21 | T81: =T51-T21 | U81: =U51-U21
D82: =G82+M82+N82 | G82: =SUM(H82:L82) | H82: =H52-H22 | I82: =I52-I22 | J82: =J52-J22 | K82: =K52-K22 | L82: =L52-L22 | M82: =M52-M22 | N82: =SUM(O82:U82) | O82: =O52-O22 | P82: =P52-P22 | Q82: =Q52-Q22 | R82: =R52-R22 | S82: =S52-S22 | T82: =T52-T22 | U82: =U52-U22
D83: =G83+M83+N83 | G83: =SUM(H83:L83) | H83: =H53-H23 | I83: =I53-I23 | J83: =J53-J23 | K83: =K53-K23 | L83: =L53-L23 | M83: =M53-M23 | N83: =SUM(O83:U83) | O83: =O53-O23 | P83: =P53-P23 | Q83: =Q53-Q23 | R83: =R53-R23 | S83: =S53-S23 | T83: =T53-T23 | U83: =U53-U23
D84: =G84+M84+N84 | G84: =SUM(H84:L84) | H84: =H54-H24 | I84: =I54-I24 | J84: =J54-J24 | K84: =K54-K24 | L84: =L54-L24 | M84: =M54-M24 | N84: =SUM(O84:U84) | O84: =O54-O24 | P84: =P54-P24 | Q84: =Q54-Q24 | R84: =R54-R24 | S84: =S54-S24 | T84: =T54-T24 | U84: =U54-U24
D85: =G85+M85+N85 | G85: =SUM(H85:L85) | H85: =H55-H25 | I85: =I55-I25 | J85: =J55-J25 | K85: =K55-K25 | L85: =L55-L25 | M85: =M55-M25 | N85: =SUM(O85:U85) | O85: =O55-O25 | P85: =P55-P25 | Q85: =Q55-Q25 | R85: =R55-R25 | S85: =S55-S25 | T85: =T55-T25 | U85: =U55-U25
D86: =G86+M86+N86 | G86: =SUM(H86:L86) | H86: =H56-H26 | I86: =I56-I26 | J86: =J56-J26 | K86: =K56-K26 | L86: =L56-L26 | M86: =M56-M26 | N86: =SUM(O86:U86) | O86: =O56-O26 | P86: =P56-P26 | Q86: =Q56-Q26 | R86: =R56-R26 | S86: =S56-S26 | T86: =T56-T26 | U86: =U56-U26
D87: =G87+M87+N87 | G87: =SUM(H87:L87) | H87: =H57-H27 | I87: =I57-I27 | J87: =J57-J27 | K87: =K57-K27 | L87: =L57-L27 | M87: =M57-M27 | N87: =SUM(O87:U87) | O87: =O57-O27 | P87: =P57-P27 | Q87: =Q57-Q27 | R87: =R57-R27 | S87: =S57-S27 | T87: =T57-T27 | U87: =U57-U27
D88: =G88+M88+N88 | G88: =SUM(H88:L88) | H88: =H58-H28 | I88: =I58-I28 | J88: =J58-J28 | K88: =K58-K28 | L88: =L58-L28 | M88: =M58-M28 | N88: =SUM(O88:U88) | O88: =O58-O28 | P88: =P58-P28 | Q88: =Q58-Q28 | R88: =R58-R28 | S88: =S58-S28 | T88: =T58-T28 | U88: =U58-U28
D89: =D66+D76 | G89: =SUM(H89:L89) | H89: =H66+H76 | I89: =I66+I76 | J89: =J66+J76 | K89: =K66+K76 | L89: =L66+L76 | M89: =M66+M76 | N89: =SUM(O89:U89) | O89: =O66+O76 | P89: =P66+P76 | Q89: =Q66+Q76 | R89: =R66+R76 | S89: =S66+S76 | T89: =T66+T76 | U89: =U66+U76

Sheet 3월 누계
D6: =G6+M6+N6 | G6: =SUM(H6:L6) | H6: =SUM(H7:H11) | I6: =SUM(I7:I11) | J6: =SUM(J7:J11) | K6: =SUM(K7:K11) | L6: =SUM(L7:L11) | M6: =SUM(M7:M11) | N6: =SUM(O6:U6) | O6: =SUM(O7:O11) | P6: =SUM(P7:P11) | Q6: =SUM(Q7:Q11) | R6: =SUM(R7:R11) | S6: =SUM(S7:S11) | T6: =SUM(T7:T11) | U6: =SUM(U7:U11)
D7: =G7+M7+N7 | G7: =SUM(H7:L7) | H7: ='2월 누계'!H7+'3월'!H7 | I7: ='2월 누계'!I7+'3월'!I7 | J7: ='2월 누계'!J7+'3월'!J7 | K7: ='2월 누계'!K7+'3월'!K7 | L7: ='2월 누계'!L7+'3월'!L7 | M7: ='2월 누계'!M7+'3월'!M7 | N7: =SUM(O7:U7) | O7: ='2월 누계'!O7+'3월'!O7 | P7: ='2월 누계'!P7+'3월'!P7 | Q7: ='2월 누계'!Q7+'3월'!Q7 | R7: ='2월 누계'!R7+'3월'!R7 | S7: ='2월 누계'!S7+'3월'!S7 | T7: ='2월 누계'!T7+'3월'!T7 | U7: ='2월 누계'!U7+'3월'!U7
D8: =G8+M8+N8 | G8: =SUM(H8:L8) | H8: ='2월 누계'!H8+'3월'!H8 | I8: ='2월 누계'!I8+'3월'!I8 | J8: ='2월 누계'!J8+'3월'!J8 | K8: ='2월 누계'!K8+'3월'!K8 | L8: ='2월 누계'!L8+'3월'!L8 | M8: ='2월 누계'!M8+'3월'!M8 | N8: =SUM(O8:U8) | O8: ='2월 누계'!O8+'3월'!O8 | P8: ='2월 누계'!P8+'3월'!P8 | Q8: ='2월 누계'!Q8+'3월'!Q8 | R8: ='2월 누계'!R8+'3월'!R8 | S8: ='2월 누계'!S8+'3월'!S8 | T8: ='2월 누계'!T8+'3월'!T8 | U8: ='2월 누계'!U8+'3월'!U8
D9: =G9+M9+N9 | G9: =SUM(H9:L9) | H9: ='2월 누계'!H9+'3월'!H9 | I9: ='2월 누계'!I9+'3월'!I9 | J9: ='2월 누계'!J9+'3월'!J9 | K9: ='2월 누계'!K9+'3월'!K9 | L9: ='2월 누계'!L9+'3월'!L9 | M9: ='2월 누계'!M9+'3월'!M9 | N9: =SUM(O9:U9) | O9: ='2월 누계'!O9+'3월'!O9 | P9: ='2월 누계'!P9+'3월'!P9 | Q9: ='2월 누계'!Q9+'3월'!Q9 | R9: ='2월 누계'!R9+'3월'!R9 | S9: ='2월 누계'!S9+'3월'!S9 | T9: ='2월 누계'!T9+'3월'!T9 | U9: ='2월 누계'!U9+'3월'!U9
D10: =G10+M10+N10 | G10: =SUM(H10:L10) | H10: ='2월 누계'!H10+'3월'!H10 | I10: ='2월 누계'!I10+'3월'!I10 | J10: ='2월 누계'!J10+'3월'!J10 | K10: ='2월 누계'!K10+'3월'!K10 | L10: ='2월 누계'!L10+'3월'!L10 | M10: ='2월 누계'!M10+'3월'!M10 | N10: =SUM(O10:U10) | O10: ='2월 누계'!O10+'3월'!O10 | P10: ='2월 누계'!P10+'3월'!P10 | Q10: ='2월 누계'!Q10+'3월'!Q10 | R10: ='2월 누계'!R10+'3월'!R10 | S10: ='2월 누계'!S10+'3월'!S10 | T10: ='2월 누계'!T10+'3월'!T10 | U10: ='2월 누계'!U10+'3월'!U10
D11: =G11+M11+N11 | G11: =SUM(H11:L11) | H11: =SUM(H12:H15) | I11: =SUM(I12:I15) | J11: =SUM(J12:J15) | K11: =SUM(K12:K15) | L11: =SUM(L12:L15) | M11: =SUM(M12:M15) | N11: =SUM(O11:U11) | O11: =SUM(O12:O15) | P11: =SUM(P12:P15) | Q11: =SUM(Q12:Q15) | R11: =SUM(R12:R15) | S11: =SUM(S12:S15) | T11: =SUM(T12:T15) | U11: =SUM(U12:U15)
D12: =G12+M12+N12 | G12: =SUM(H12:L12) | H12: ='2월 누계'!H12+'3월'!H12 | I12: ='2월 누계'!I12+'3월'!I12 | J12: ='2월 누계'!J12+'3월'!J12 | K12: ='2월 누계'!K12+'3월'!K12 | L12: ='2월 누계'!L12+'3월'!L12 | M12: ='2월 누계'!M12+'3월'!M12 | N12: =SUM(O12:U12) | O12: ='2월 누계'!O12+'3월'!O12 | P12: ='2월 누계'!P12+'3월'!P12 | Q12: ='2월 누계'!Q12+'3월'!Q12 | R12: ='2월 누계'!R12+'3월'!R12 | S12: ='2월 누계'!S12+'3월'!S12 | T12: ='2월 누계'!T12+'3월'!T12 | U12: ='2월 누계'!U12+'3월'!U12
D13: =G13+M13+N13 | G13: =SUM(H13:L13) | H13: ='2월 누계'!H13+'3월'!H13 | I13: ='2월 누계'!I13+'3월'!I13 | J13: ='2월 누계'!J13+'3월'!J13 | K13: ='2월 누계'!K13+'3월'!K13 | L13: ='2월 누계'!L13+'3월'!L13 | M13: ='2월 누계'!M13+'3월'!M13 | N13: =SUM(O13:U13) | O13: ='2월 누계'!O13+'3월'!O13 | P13: ='2월 누계'!P13+'3월'!P13 | Q13: ='2월 누계'!Q13+'3월'!Q13 | R13: ='2월 누계'!R13+'3월'!R13 | S13: ='2월 누계'!S13+'3월'!S13 | T13: ='2월 누계'!T13+'3월'!T13 | U13: ='2월 누계'!U13+'3월'!U13
D14: =G14+M14+N14 | G14: =SUM(H14:L14) | H14: ='2월 누계'!H14+'3월'!H14 | I14: ='2월 누계'!I14+'3월'!I14 | J14: ='2월 누계'!J14+'3월'!J14 | K14: ='2월 누계'!K14+'3월'!K14 | L14: ='2월 누계'!L14+'3월'!L14 | M14: ='2월 누계'!M14+'3월'!M14 | N14: =SUM(O14:U14) | O14: ='2월 누계'!O14+'3월'!O14 | P14: ='2월 누계'!P14+'3월'!P14 | Q14: ='2월 누계'!Q14+'3월'!Q14 | R14: ='2월 누계'!R14+'3월'!R14 | S14: ='2월 누계'!S14+'3월'!S14 | T14: ='2월 누계'!T14+'3월'!T14 | U14: ='2월 누계'!U14+'3월'!U14
D15: =G15+M15+N15 | G15: =SUM(H15:L15) | H15: ='2월 누계'!H15+'3월'!H15 | I15: ='2월 누계'!I15+'3월'!I15 | J15: ='2월 누계'!J15+'3월'!J15 | K15: ='2월 누계'!K15+'3월'!K15 | L15: ='2월 누계'!L15+'3월'!L15 | M15: ='2월 누계'!M15+'3월'!M15 | N15: =SUM(O15:U15) | O15: ='2월 누계'!O15+'3월'!O15 | P15: ='2월 누계'!P15+'3월'!P15 | Q15: ='2월 누계'!Q15+'3월'!Q15 | R15: ='2월 누계'!R15+'3월'!R15 | S15: ='2월 누계'!S15+'3월'!S15 | T15: ='2월 누계'!T15+'3월'!T15 | U15: ='2월 누계'!U15+'3월'!U15
D16: =G16+M16+N16 | G16: =SUM(H16:L16) | H16: =SUM(H17:H28) | I16: =SUM(I17:I28) | J16: =SUM(J17:J28) | K16: =SUM(K17:K28) | L16: =SUM(L17:L28) | M16: =SUM(M17:M28) | N16: =SUM(O16:U16) | O16: =SUM(O17:O28) | P16: =SUM(P17:P28) | Q16: =SUM(Q17:Q28) | R16: =SUM(R17:R28) | S16: =SUM(S17:S28) | T16: =SUM(T17:T28) | U16: =SUM(U17:U28)
D17: =G17+M17+N17 | G17: =SUM(H17:L17) | H17: ='2월 누계'!H17+'3월'!H17 | I17: ='2월 누계'!I17+'3월'!I17 | J17: ='2월 누계'!J17+'3월'!J17 | K17: ='2월 누계'!K17+'3월'!K17 | L17: ='2월 누계'!L17+'3월'!L17 | M17: ='2월 누계'!M17+'3월'!M17 | N17: =SUM(O17:U17) | O17: ='2월 누계'!O17+'3월'!O17 | P17: ='2월 누계'!P17+'3월'!P17 | Q17: ='2월 누계'!Q17+'3월'!Q17 | R17: ='2월 누계'!R17+'3월'!R17 | S17: ='2월 누계'!S17+'3월'!S17 | T17: ='2월 누계'!T17+'3월'!T17 | U17: ='2월 누계'!U17+'3월'!U17
D18: =G18+M18+N18 | G18: =SUM(H18:L18) | H18: ='2월 누계'!H18+'3월'!H18 | I18: ='2월 누계'!I18+'3월'!I18 | J18: ='2월 누계'!J18+'3월'!J18 | K18: ='2월 누계'!K18+'3월'!K18 | L18: ='2월 누계'!L18+'3월'!L18 | M18: ='2월 누계'!M18+'3월'!M18 | N18: =SUM(O18:U18) | O18: ='2월 누계'!O18+'3월'!O18 | P18: ='2월 누계'!P18+'3월'!P18 | Q18: ='2월 누계'!Q18+'3월'!Q18 | R18: ='2월 누계'!R18+'3월'!R18 | S18: ='2월 누계'!S18+'3월'!S18 | T18: ='2월 누계'!T18+'3월'!T18 | U18: ='2월 누계'!U18+'3월'!U18
D19: =G19+M19+N19 | G19: =SUM(H19:L19) | H19: ='2월 누계'!H19+'3월'!H19 | I19: ='2월 누계'!I19+'3월'!I19 | J19: ='2월 누계'!J19+'3월'!J19 | K19: ='2월 누계'!K19+'3월'!K19 | L19: ='2월 누계'!L19+'3월'!L19 | M19: ='2월 누계'!M19+'3월'!M19 | N19: =SUM(O19:U19) | O19: ='2월 누계'!O19+'3월'!O19 | P19: ='2월 누계'!P19+'3월'!P19 | Q19: ='2월 누계'!Q19+'3월'!Q19 | R19: ='2월 누계'!R19+'3월'!R19 | S19: ='2월 누계'!S19+'3월'!S19 | T19: ='2월 누계'!T19+'3월'!T19 | U19: ='2월 누계'!U19+'3월'!U19
D20: =G20+M20+N20 | G20: =SUM(H20:L20) | H20: ='2월 누계'!H20+'3월'!H20 | I20: ='2월 누계'!I20+'3월'!I20 | J20: ='2월 누계'!J20+'3월'!J20 | K20: ='2월 누계'!K20+'3월'!K20 | L20: ='2월 누계'!L20+'3월'!L20 | M20: ='2월 누계'!M20+'3월'!M20 | N20: =SUM(O20:U20) | O20: ='2월 누계'!O20+'3월'!O20 | P20: ='2월 누계'!P20+'3월'!P20 | Q20: ='2월 누계'!Q20+'3월'!Q20 | R20: ='2월 누계'!R20+'3월'!R20 | S20: ='2월 누계'!S20+'3월'!S20 | T20: ='2월 누계'!T20+'3월'!T20 | U20: ='2월 누계'!U20+'3월'!U20
D21: =G21+M21+N21 | G21: =SUM(H21:L21) | H21: ='2월 누계'!H21+'3월'!H21 | I21: ='2월 누계'!I21+'3월'!I21 | J21: ='2월 누계'!J21+'3월'!J21 | K21: ='2월 누계'!K21+'3월'!K21 | L21: ='2월 누계'!L21+'3월'!L21 | M21: ='2월 누계'!M21+'3월'!M21 | N21: =SUM(O21:U21) | O21: ='2월 누계'!O21+'3월'!O21 | P21: ='2월 누계'!P21+'3월'!P21 | Q21: ='2월 누계'!Q21+'3월'!Q21 | R21: ='2월 누계'!R21+'3월'!R21 | S21: ='2월 누계'!S21+'3월'!S21 | T21: ='2월 누계'!T21+'3월'!T21 | U21: ='2월 누계'!U21+'3월'!U21
D22: =G22+M22+N22 | G22: =SUM(H22:L22) | H22: ='2월 누계'!H22+'3월'!H22 | I22: ='2월 누계'!I22+'3월'!I22 | J22: ='2월 누계'!J22+'3월'!J22 | K22: ='2월 누계'!K22+'3월'!K22 | L22: ='2월 누계'!L22+'3월'!L22 | M22: ='2월 누계'!M22+'3월'!M22 | N22: =SUM(O22:U22) | O22: ='2월 누계'!O22+'3월'!O22 | P22: ='2월 누계'!P22+'3월'!P22 | Q22: ='2월 누계'!Q22+'3월'!Q22 | R22: ='2월 누계'!R22+'3월'!R22 | S22: ='2월 누계'!S22+'3월'!S22 | T22: ='2월 누계'!T22+'3월'!T22 | U22: ='2월 누계'!U22+'3월'!U22
D23: =G23+M23+N23 | G23: =SUM(H23:L23) | H23: ='2월 누계'!H23+'3월'!H23 | I23: ='2월 누계'!I23+'3월'!I23 | J23: ='2월 누계'!J23+'3월'!J23 | K23: ='2월 누계'!K23+'3월'!K23 | L23: ='2월 누계'!L23+'3월'!L23 | M23: ='2월 누계'!M23+'3월'!M23 | N23: =SUM(O23:U23) | O23: ='2월 누계'!O23+'3월'!O23 | P23: ='2월 누계'!P23+'3월'!P23 | Q23: ='2월 누계'!Q23+'3월'!Q23 | R23: ='2월 누계'!R23+'3월'!R23 | S23: ='2월 누계'!S23+'3월'!S23 | T23: ='2월 누계'!T23+'3월'!T23 | U23: ='2월 누계'!U23+'3월'!U23
D24: =G24+M24+N24 | G24: =SUM(H24:L24) | H24: ='2월 누계'!H24+'3월'!H24 | I24: ='2월 누계'!I24+'3월'!I24 | J24: ='2월 누계'!J24+'3월'!J24 | K24: ='2월 누계'!K24+'3월'!K24 | L24: ='2월 누계'!L24+'3월'!L24 | M24: ='2월 누계'!M24+'3월'!M24 | N24: =SUM(O24:U24) | O24: ='2월 누계'!O24+'3월'!O24 | P24: ='2월 누계'!P24+'3월'!P24 | Q24: ='2월 누계'!Q24+'3월'!Q24 | R24: ='2월 누계'!R24+'3월'!R24 | S24: ='2월 누계'!S24+'3월'!S24 | T24: ='2월 누계'!T24+'3월'!T24 | U24: ='2월 누계'!U24+'3월'!U24
D25: =G25+M25+N25 | G25: =SUM(H25:L25) | H25: ='2월 누계'!H25+'3월'!H25 | I25: ='2월 누계'!I25+'3월'!I25 | J25: ='2월 누계'!J25+'3월'!J25 | K25: ='2월 누계'!K25+'3월'!K25 | L25: ='2월 누계'!L25+'3월'!L25 | M25: ='2월 누계'!M25+'3월'!M25 | N25: =SUM(O25:U25) | O25: ='2월 누계'!O25+'3월'!O25 | P25: ='2월 누계'!P25+'3월'!P25 | Q25: ='2월 누계'!Q25+'3월'!Q25 | R25: ='2월 누계'!R25+'3월'!R25 | S25: ='2월 누계'!S25+'3월'!S25 | T25: ='2월 누계'!T25+'3월'!T25 | U25: ='2월 누계'!U25+'3월'!U25
D26: =G26+M26+N26 | G26: =SUM(H26:L26) | H26: ='2월 누계'!H26+'3월'!H26 | I26: ='2월 누계'!I26+'3월'!I26 | J26: ='2월 누계'!J26+'3월'!J26 | K26: ='2월 누계'!K26+'3월'!K26 | L26: ='2월 누계'!L26+'3월'!L26 | M26: ='2월 누계'!M26+'3월'!M26 | N26: =SUM(O26:U26) | O26: ='2월 누계'!O26+'3월'!O26 | P26: ='2월 누계'!P26+'3월'!P26 | Q26: ='2월 누계'!Q26+'3월'!Q26 | R26: ='2월 누계'!R26+'3월'!R26 | S26: ='2월 누계'!S26+'3월'!S26 | T26: ='2월 누계'!T26+'3월'!T26 | U26: ='2월 누계'!U26+'3월'!U26
D27: =G27+M27+N27 | G27: =SUM(H27:L27) | H27: ='2월 누계'!H27+'3월'!H27 | I27: ='2월 누계'!I27+'3월'!I27 | J27: ='2월 누계'!J27+'3월'!J27 | K27: ='2월 누계'!K27+'3월'!K27 | L27: ='2월 누계'!L27+'3월'!L27 | M27: ='2월 누계'!M27+'3월'!M27 | N27: =SUM(O27:U27) | O27: ='2월 누계'!O27+'3월'!O27 | P27: ='2월 누계'!P27+'3월'!P27 | Q27: ='2월 누계'!Q27+'3월'!Q27 | R27: ='2월 누계'!R27+'3월'!R27 | S27: ='2월 누계'!S27+'3월'!S27 | T27: ='2월 누계'!T27+'3월'!T27 | U27: ='2월 누계'!U27+'3월'!U27
D28: =G28+M28+N28 | G28: =SUM(H28:L28) | H28: ='2월 누계'!H28+'3월'!H28 | I28: ='2월 누계'!I28+'3월'!I28 | J28: ='2월 누계'!J28+'3월'!J28 | K28: ='2월 누계'!K28+'3월'!K28 | L28: ='2월 누계'!L28+'3월'!L28 | M28: ='2월 누계'!M28+'3월'!M28 | N28: =SUM(O28:U28) | O28: ='2월 누계'!O28+'3월'!O28 | P28: ='2월 누계'!P28+'3월'!P28 | Q28: ='2월 누계'!Q28+'3월'!Q28 | R28: ='2월 누계'!R28+'3월'!R28 | S28: ='2월 누계'!S28+'3월'!S28 | T28: ='2월 누계'!T28+'3월'!T28 | U28: ='2월 누계'!U28+'3월'!U28
D29: =G29+M29+N29 | G29: =SUM(H29:L29) | H29: =H6+H16 | I29: =I6+I16 | J29: =J6+J16 | K29: =K6+K16 | L29: =L6+L16 | M29: =M6+M16 | N29: =SUM(O29:U29) | O29: =O6+O16 | P29: =P6+P16 | Q29: =Q6+Q16 | R29: =R6+R16 | S29: =S6+S16 | T29: =T6+T16 | U29: =U6+U16
C36: =D6 | D36: =G36+M36+N36 | E36: =D36-C36 | F36: =IFERROR(D36/C36,0) | G36: =SUM(H36:L36) | H36: =SUM(H37:H41) | I36: =SUM(I37:I41) | J36: =SUM(J37:J41) | K36: =SUM(K37:K41) | L36: =SUM(L37:L41) | M36: =SUM(M37:M41) | N36: =SUM(O36:U36) | O36: =SUM(O37:O41) | P36: =SUM(P37:P41) | Q36: =SUM(Q37:Q41) | R36: =SUM(R37:R41) | S36: =SUM(S37:S41) | T36: =SUM(T37:T41) | U36: =SUM(U37:U41)
D37: =G37+M37+N37 | E37: =D37-C37 | F37: =IFERROR(D37/C37,"") | G37: =SUM(H37:L37) | N37: =SUM(O37:U37) | T37: ='2월 누계'!T37+'3월'!T37 | U37: ='2월 누계'!U37+'3월'!U37
D38: =G38+M38+N38 | E38: =D38-C38 | F38: =IFERROR(D38/C38,"") | G38: =SUM(H38:L38) | N38: =SUM(O38:U38) | T38: ='2월 누계'!T38+'3월'!T38 | U38: ='2월 누계'!U38+'3월'!U38
D39: =G39+M39+N39 | E39: =D39-C39 | F39: =IFERROR(D39/C39,"") | G39: =SUM(H39:L39) | N39: =SUM(O39:U39) | T39: ='2월 누계'!T39+'3월'!T39 | U39: ='2월 누계'!U39+'3월'!U39
D40: =G40+M40+N40 | E40: =D40-C40 | F40: =IFERROR(D40/C40,"") | G40: =SUM(H40:L40) | N40: =SUM(O40:U40) | T40: ='2월 누계'!T40+'3월'!T40 | U40: ='2월 누계'!U40+'3월'!U40
D41: =G41+M41+N41 | E41: =D41-C41 | F41: =IFERROR(D41/C41,"") | G41: =SUM(H41:L41) | N41: =SUM(O41:U41) | T41: =SUM(T42:T45) | U41: =SUM(U42:U45)
C42: =D12 | D42: =G42+M42+N42 | E42: =D42-C42 | F42: =IFERROR(D42/C42,0) | G42: =SUM(H42:L42) | N42: =SUM(O42:U42) | T42: ='2월 누계'!T42+'3월'!T42 | U42: ='2월 누계'!U42+'3월'!U42
C43: =D13 | D43: =G43+M43+N43 | E43: =D43-C43 | F43: =IFERROR(D43/C43,0) | G43: =SUM(H43:L43) | N43: =SUM(O43:U43) | T43: ='2월 누계'!T43+'3월'!T43 | U43: ='2월 누계'!U43+'3월'!U43
C44: =D14 | D44: =G44+M44+N44 | E44: =D44-C44 | F44: =IFERROR(D44/C44,0) | G44: =SUM(H44:L44) | N44: =SUM(O44:U44) | T44: ='2월 누계'!T44+'3월'!T44 | U44: ='2월 누계'!U44+'3월'!U44
C45: =D15 | D45: =G45+M45+N45 | E45: =D45-C45 | F45: =IFERROR(D45/C45,0) | G45: =SUM(H45:L45) | N45: =SUM(O45:U45) | T45: ='2월 누계'!T45+'3월'!T45 | U45: ='2월 누계'!U45+'3월'!U45
C46: =D16 | D46: =G46+M46+N46 | E46: =D46-C46 | F46: =IFERROR(D46/C46,0) | G46: =SUM(H46:L46) | H46: =SUM(H47:H58) | I46: =SUM(I47:I58) | J46: =SUM(J47:J58) | K46: =SUM(K47:K58) | L46: =SUM(L47:L58) | M46: =SUM(M47:M58) | N46: =SUM(O46:U46) | O46: =SUM(O47:O58) | P46: =SUM(P47:P58) | Q46: =SUM(Q47:Q58) | R46: =SUM(R47:R58) | S46: =SUM(S47:S58) | T46: =SUM(T47:T58) | U46: =SUM(U47:U58)
D47: =G47+M47+N47 | E47: =D47-C47 | F47: =IFERROR(D47/C47,"") | G47: =SUM(H47:L47) | N47: =SUM(O47:U47) | T47: ='2월 누계'!T47+'3월'!T47 | U47: ='2월 누계'!U47+'3월'!U47
D48: =G48+M48+N48 | E48: =D48-C48 | F48: =IFERROR(D48/C48,"") | G48: =SUM(H48:L48) | N48: =SUM(O48:U48) | T48: ='2월 누계'!T48+'3월'!T48 | U48: ='2월 누계'!U48+'3월'!U48
D49: =G49+M49+N49 | E49: =D49-C49 | F49: =IFERROR(D49/C49,"") | G49: =SUM(H49:L49) | N49: =SUM(O49:U49) | T49: ='2월 누계'!T49+'3월'!T49 | U49: ='2월 누계'!U49+'3월'!U49
D50: =G50+M50+N50 | E50: =D50-C50 | F50: =IFERROR(D50/C50,"") | G50: =SUM(H50:L50) | N50: =SUM(O50:U50) | T50: ='2월 누계'!T50+'3월'!T50 | U50: ='2월 누계'!U50+'3월'!U50
D51: =G51+M51+N51 | E51: =D51-C51 | F51: =IFERROR(D51/C51,"") | G51: =SUM(H51:L51) | N51: =SUM(O51:U51) | T51: ='2월 누계'!T51+'3월'!T51 | U51: ='2월 누계'!U51+'3월'!U51
D52: =G52+M52+N52 | E52: =D52-C52 | F52: =IFERROR(D52/C52,"") | G52: =SUM(H52:L52) | N52: =SUM(O52:U52) | T52: ='2월 누계'!T52+'3월'!T52 | U52: ='2월 누계'!U52+'3월'!U52
D53: =G53+M53+N53 | E53: =D53-C53 | F53: =IFERROR(D53/C53,"") | G53: =SUM(H53:L53) | N53: =SUM(O53:U53) | T53: ='2월 누계'!T53+'3월'!T53 | U53: ='2월 누계'!U53+'3월'!U53
D54: =G54+M54+N54 | E54: =D54-C54 | F54: =IFERROR(D54/C54,"") | G54: =SUM(H54:L54) | N54: =SUM(O54:U54) | T54: ='2월 누계'!T54+'3월'!T54 | U54: ='2월 누계'!U54+'3월'!U54
D55: =G55+M55+N55 | E55: =D55-C55 | F55: =IFERROR(D55/C55,"") | G55: =SUM(H55:L55) | N55: =SUM(O55:U55) | T55: ='2월 누계'!T55+'3월'!T55 | U55: ='2월 누계'!U55+'3월'!U55
D56: =G56+M56+N56 | E56: =D56-C56 | F56: =IFERROR(D56/C56,"") | G56: =SUM(H56:L56) | N56: =SUM(O56:U56) | T56: ='2월 누계'!T56+'3월'!T56 | U56: ='2월 누계'!U56+'3월'!U56
D57: =G57+M57+N57 | E57: =D57-C57 | F57: =IFERROR(D57/C57,"") | G57: =SUM(H57:L57) | N57: =SUM(O57:U57) | T57: ='2월 누계'!T57+'3월'!T57 | U57: ='2월 누계'!U57+'3월'!U57
D58: =G58+M58+N58 | E58: =D58-C58 | F58: =IFERROR(D58/C58,"") | G58: =SUM(H58:L58) | N58: =SUM(O58:U58) | T58: ='2월 누계'!T58+'3월'!T58 | U58: ='2월 누계'!U58+'3월'!U58
C59: =C36+C46 | D59: =D36+D46 | E59: =D59-C59 | F59: =IFERROR(D59/C59,"") | G59: =SUM(H59:L59) | H59: =H36+H46 | I59: =I36+I46 | J59: =J36+J46 | K59: =K36+K46 | L59: =L36+L46 | M59: =M36+M46 | N59: =N36+N46 | O59: =O36+O46 | ... U59: =U36+U46
D66: =G66+M66+N66 | G66: =SUM(H66:L66) | H66: =SUM(H67:H71) | I66: =SUM(I67:I71) | J66: =SUM(J67:J71) | K66: =SUM(K67:K71) | L66: =SUM(L67:L71) | M66: =SUM(M67:M71) | N66: =SUM(O66:U66) | O66: =SUM(O67:O71) | P66: =SUM(P67:P71) | Q66: =SUM(Q67:Q71) | R66: =SUM(R67:R71) | S66: =SUM(S67:S71) | T66: =SUM(T67:T71) | U66: =SUM(U67:U71)
D67: =G67+M67+N67 | G67: =SUM(H67:L67) | H67: =H37-H7 | I67: =I37-I7 | J67: =J37-J7 | K67: =K37-K7 | L67: =L37-L7 | M67: =M37-M7 | N67: =SUM(O67:U67) | O67: =O37-O7 | P67: =P37-P7 | Q67: =Q37-Q7 | R67: =R37-R7 | S67: =S37-S7 | T67: =T37-T7 | U67: =U37-U7
D68: =G68+M68+N68 | G68: =SUM(H68:L68) | H68: =H38-H8 | I68: =I38-I8 | J68: =J38-J8 | K68: =K38-K8 | L68: =L38-L8 | M68: =M38-M8 | N68: =SUM(O68:U68) | O68: =O38-O8 | P68: =P38-P8 | Q68: =Q38-Q8 | R68: =R38-R8 | S68: =S38-S8 | T68: =T38-T8 | U68: =U38-U8
D69: =G69+M69+N69 | G69: =SUM(H69:L69) | H69: =H39-H9 | I69: =I39-I9 | J69: =J39-J9 | K69: =K39-K9 | L69: =L39-L9 | M69: =M39-M9 | N69: =SUM(O69:U69) | O69: =O39-O9 | P69: =P39-P9 | Q69: =Q39-Q9 | R69: =R39-R9 | S69: =S39-S9 | T69: =T39-T9 | U69: =U39-U9
D70: =G70+M70+N70 | G70: =SUM(H70:L70) | H70: =H40-H10 | I70: =I40-I10 | J70: =J40-J10 | K70: =K40-K10 | L70: =L40-L10 | M70: =M40-M10 | N70: =SUM(O70:U70) | O70: =O40-O10 | P70: =P40-P10 | Q70: =Q40-Q10 | R70: =R40-R10 | S70: =S40-S10 | T70: =T40-T10 | U70: =U40-U10
D71: =G71+M71+N71 | G71: =SUM(H71:L71) | H71: =SUM(H72:H75) | I71: =SUM(I72:I75) | J71: =SUM(J72:J75) | K71: =SUM(K72:K75) | L71: =SUM(L72:L75) | M71: =SUM(M72:M75) | N71: =SUM(O71:U71) | O71: =SUM(O72:O75) | P71: =SUM(P72:P75) | Q71: =SUM(Q72:Q75) | R71: =SUM(R72:R75) | S71: =SUM(S72:S75) | T71: =SUM(T72:T75) | U71: =SUM(U72:U75)
D72: =G72+M72+N72 | G72: =SUM(H72:L72) | H72: =H42-H12 | I72: =I42-I12 | J72: =J42-J12 | K72: =K42-K12 | L72: =L42-L12 | M72: =M42-M12 | N72: =SUM(O72:U72) | O72: =O42-O12 | P72: =P42-P12 | Q72: =Q42-Q12 | R72: =R42-R12 | S72: =S42-S12 | T72: =T42-T12 | U72: =U42-U12
D73: =G73+M73+N73 | G73: =SUM(H73:L73) | H73: =H43-H13 | I73: =I43-I13 | J73: =J43-J13 | K73: =K43-K13 | L73: =L43-L13 | M73: =M43-M13 | N73: =SUM(O73:U73) | O73: =O43-O13 | P73: =P43-P13 | Q73: =Q43-Q13 | R73: =R43-R13 | S73: =S43-S13 | T73: =T43-T13 | U73: =U43-U13
D74: =G74+M74+N74 | G74: =SUM(H74:L74) | H74: =H44-H14 | I74: =I44-I14 | J74: =J44-J14 | K74: =K44-K14 | L74: =L44-L14 | M74: =M44-M14 | N74: =SUM(O74:U74) | O74: =O44-O14 | P74: =P44-P14 | Q74: =Q44-Q14 | R74: =R44-R14 | S74: =S44-S14 | T74: =T44-T14 | U74: =U44-U14
D75: =G75+M75+N75 | G75: =SUM(H75:L75) | H75: =H45-H15 | I75: =I45-I15 | J75: =J45-J15 | K75: =K45-K15 | L75: =L45-L15 | M75: =M45-M15 | N75: =SUM(O75:U75) | O75: =O45-O15 | P75: =P45-P15 | Q75: =Q45-Q15 | R75: =R45-R15 | S75: =S45-S15 | T75: =T45-T15 | U75: =U45-U15
D76: =G76+M76+N76 | G76: =SUM(H76:L76) | H76: =SUM(H77:H88) | I76: =SUM(I77:I88) | J76: =SUM(J77:J88) | K76: =SUM(K77:K88) | L76: =SUM(L77:L88) | M76: =SUM(M77:M88) | N76: =SUM(O76:U76) | O76: =SUM(O77:O88) | P76: =SUM(P77:P88) | Q76: =SUM(Q77:Q88) | R76: =SUM(R77:R88) | S76: =SUM(S77:S88) | T76: =SUM(T77:T88) | U76: =SUM(U77:U88)
D77: =G77+M77+N77 | G77: =SUM(H77:L77) | H77: =H47-H17 | I77: =I47-I17 | J77: =J47-J17 | K77: =K47-K17 | L77: =L47-L17 | M77: =M47-M17 | N77: =SUM(O77:U77) | O77: =O47-O17 | P77: =P47-P17 | Q77: =Q47-Q17 | R77: =R47-R17 | S77: =S47-S17 | T77: =T47-T17 | U77: =U47-U17
D78: =G78+M78+N78 | G78: =SUM(H78:L78) | H78: =H48-H18 | I78: =I48-I18 | J78: =J48-J18 | K78: =K48-K18 | L78: =L48-L18 | M78: =M48-M18 | N78: =SUM(O78:U78) | O78: =O48-O18 | P78: =P48-P18 | Q78: =Q48-Q18 | R78: =R48-R18 | S78: =S48-S18 | T78: =T48-T18 | U78: =U48-U18
D79: =G79+M79+N79 | G79: =SUM(H79:L79) | H79: =H49-H19 | I79: =I49-I19 | J79: =J49-J19 | K79: =K49-K19 | L79: =L49-L19 | M79: =M49-M19 | N79: =SUM(O79:U79) | O79: =O49-O19 | P79: =P49-P19 | Q79: =Q49-Q19 | R79: =R49-R19 | S79: =S49-S19 | T79: =T49-T19 | U79: =U49-U19
D80: =G80+M80+N80 | G80: =SUM(H80:L80) | H80: =H50-H20 | I80: =I50-I20 | J80: =J50-J20 | K80: =K50-K20 | L80: =L50-L20 | M80: =M50-M20 | N80: =SUM(O80:U80) | O80: =O50-O20 | P80: =P50-P20 | Q80: =Q50-Q20 | R80: =R50-R20 | S80: =S50-S20 | T80: =T50-T20 | U80: =U50-U20
D81: =G81+M81+N81 | G81: =SUM(H81:L81) | H81: =H51-H21 | I81: =I51-I21 | J81: =J51-J21 | K81: =K51-K21 | L81: =L51-L21 | M81: =M51-M21 | N81: =SUM(O81:U81) | O81: =O51-O21 | P81: =P51-P21 | Q81: =Q51-Q21 | R81: =R51-R21 | S81: =S51-S21 | T81: =T51-T21 | U81: =U51-U21
D82: =G82+M82+N82 | G82: =SUM(H82:L82) | H82: =H52-H22 | I82: =I52-I22 | J82: =J52-J22 | K82: =K52-K22 | L82: =L52-L22 | M82: =M52-M22 | N82: =SUM(O82:U82) | O82: =O52-O22 | P82: =P52-P22 | Q82: =Q52-Q22 | R82: =R52-R22 | S82: =S52-S22 | T82: =T52-T22 | U82: =U52-U22
D83: =G83+M83+N83 | G83: =SUM(H83:L83) | H83: =H53-H23 | I83: =I53-I23 | J83: =J53-J23 | K83: =K53-K23 | L83: =L53-L23 | M83: =M53-M23 | N83: =SUM(O83:U83) | O83: =O53-O23 | P83: =P53-P23 | Q83: =Q53-Q23 | R83: =R53-R23 | S83: =S53-S23 | T83: =T53-T23 | U83: =U53-U23
D84: =G84+M84+N84 | G84: =SUM(H84:L84) | H84: =H54-H24 | I84: =I54-I24 | J84: =J54-J24 | K84: =K54-K24 | L84: =L54-L24 | M84: =M54-M24 | N84: =SUM(O84:U84) | O84: =O54-O24 | P84: =P54-P24 | Q84: =Q54-Q24 | R84: =R54-R24 | S84: =S54-S24 | T84: =T54-T24 | U84: =U54-U24
D85: =G85+M85+N85 | G85: =SUM(H85:L85) | H85: =H55-H25 | I85: =I55-I25 | J85: =J55-J25 | K85: =K55-K25 | L85: =L55-L25 | M85: =M55-M25 | N85: =SUM(O85:U85) | O85: =O55-O25 | P85: =P55-P25 | Q85: =Q55-Q25 | R85: =R55-R25 | S85: =S55-S25 | T85: =T55-T25 | U85: =U55-U25
D86: =G86+M86+N86 | G86: =SUM(H86:L86) | H86: =H56-H26 | I86: =I56-I26 | J86: =J56-J26 | K86: =K56-K26 | L86: =L56-L26 | M86: =M56-M26 | N86: =SUM(O86:U86) | O86: =O56-O26 | P86: =P56-P26 | Q86: =Q56-Q26 | R86: =R56-R26 | S86: =S56-S26 | T86: =T56-T26 | U86: =U56-U26
D87: =G87+M87+N87 | G87: =SUM(H87:L87) | H87: =H57-H27 | I87: =I57-I27 | J87: =J57-J27 | K87: =K57-K27 | L87: =L57-L27 | M87: =M57-M27 | N87: =SUM(O87:U87) | O87: =O57-O27 | P87: =P57-P27 | Q87: =Q57-Q27 | R87: =R57-R27 | S87: =S57-S27 | T87: =T57-T27 | U87: =U57-U27
D88: =G88+M88+N88 | G88: =SUM(H88:L88) | H88: =H58-H28 | I88: =I58-I28 | J88: =J58-J28 | K88: =K58-K28 | L88: =L58-L28 | M88: =M58-M28 | N88: =SUM(O88:U88) | O88: =O58-O28 | P88: =P58-P28 | Q88: =Q58-Q28 | R88: =R58-R28 | S88: =S58-S28 | T88: =T58-T28 | U88: =U58-U28
D89: =D66+D76 | G89: =SUM(H89:L89) | H89: =H66+H76 | I89: =I66+I76 | J89: =J66+J76 | K89: =K66+K76 | L89: =L66+L76 | M89: =M66+M76 | N89: =SUM(O89:U89) | O89: =O66+O76 | P89: =P66+P76 | Q89: =Q66+Q76 | R89: =R66+R76 | S89: =S66+S76 | T89: =T66+T76 | U89: =U66+U76

Sheet 3월 누계_Diff
E5: =D5-C5 | F5: =IFERROR(D5/C5,"") | J5: =I5-H5 | K5: =IFERROR(I5/H5,"") | O5: =N5-M5 | P5: =IFERROR(N5/M5,"") | T5: =S5-R5 | U5: =IFERROR(S5/R5,"") | Y5: =X5-W5 | Z5: =IFERROR(X5/W5,"") | AD5: =AC5-AB5 | AE5: =IFERROR(AC5/AB5,"") | AI5: =AH5-AG5 | AJ5: =IFERROR(AH5/AG5,"")
E6: =D6-C6 | F6: =IFERROR(D6/C6,"") | J6: =I6-H6 | K6: =IFERROR(I6/H6,"") | O6: =N6-M6 | P6: =IFERROR(N6/M6,"") | T6: =S6-R6 | U6: =IFERROR(S6/R6,"") | Y6: =X6-W6 | Z6: =IFERROR(X6/W6,"") | AD6: =AC6-AB6 | AE6: =IFERROR(AC6/AB6,"") | AI6: =AH6-AG6 | AJ6: =IFERROR(AH6/AG6,"")
E7: =D7-C7 | F7: =IFERROR(D7/C7,"") | J7: =I7-H7 | K7: =IFERROR(I7/H7,"") | O7: =N7-M7 | P7: =IFERROR(N7/M7,"") | T7: =S7-R7 | U7: =IFERROR(S7/R7,"") | Y7: =X7-W7 | Z7: =IFERROR(X7/W7,"") | AD7: =AC7-AB7 | AE7: =IFERROR(AC7/AB7,"") | AI7: =AH7-AG7 | AJ7: =IFERROR(AH7/AG7,"")
E8: =D8-C8 | F8: =IFERROR(D8/C8,"") | J8: =I8-H8 | K8: =IFERROR(I8/H8,"") | O8: =N8-M8 | P8: =IFERROR(N8/M8,"") | T8: =S8-R8 | U8: =IFERROR(S8/R8,"") | Y8: =X8-W8 | Z8: =IFERROR(X8/W8,"") | AD8: =AC8-AB8 | AE8: =IFERROR(AC8/AB8,"") | AI8: =AH8-AG8 | AJ8: =IFERROR(AH8/AG8,"")
E9: =D9-C9 | F9: =IFERROR(D9/C9,"") | J9: =I9-H9 | K9: =IFERROR(I9/H9,"") | O9: =N9-M9 | P9: =IFERROR(N9/M9,"") | T9: =S9-R9 | U9: =IFERROR(S9/R9,"") | Y9: =X9-W9 | Z9: =IFERROR(X9/W9,"") | AD9: =AC9-AB9 | AE9: =IFERROR(AC9/AB9,"") | AI9: =AH9-AG9 | AJ9: =IFERROR(AH9/AG9,"")
E10: =D10-C10 | F10: =IFERROR(D10/C10,"") | J10: =I10-H10 | K10: =IFERROR(I10/H10,"") | O10: =N10-M10 | P10: =IFERROR(N10/M10,"") | T10: =S10-R10 | U10: =IFERROR(S10/R10,"") | Y10: =X10-W10 | Z10: =IFERROR(X10/W10,"") | AD10: =AC10-AB10 | AE10: =IFERROR(AC10/AB10,"") | AI10: =AH10-AG10 | AJ10: =IFERROR(AH10/AG10,"")
C11: =SUM(C5:C10) | D11: =SUM(D5:D10) | E11: =D11-C11 | F11: =IFERROR(D11/C11,"") | H11: =SUM(H5:H10) | I11: =SUM(I5:I10) | J11: =I11-H11 | K11: =IFERROR(I11/H11,"") | M11: =SUM(M5:M10) | N11: =SUM(N5:N10) | O11: =N11-M11 | P11: =IFERROR(N11/M11,"") | R11: =SUM(R5:R10) | S11: =SUM(S5:S10) | T11: =S11-R11 | U11: =IFERROR(S11/R11,"") | W11: =SUM(W5:W10) | X11: =SUM(X5:X10) | Y11: =X11-W11 | Z11: =IFERROR(X11/W11,"") | AB11: =SUM(AB5:AB10) | AC11: =SUM(AC5:AC10) | AD11: =AC11-AB11 | AE11: =IFERROR(AC11/AB11,"") | AG11: =SUM(AG5:AG10) | AH11: =SUM(AH5:AH10) | AI11: =AH11-AG11 | AJ11: =IFERROR(AH11/AG11,"")
E12: =D12-C12 | F12: =IFERROR(D12/C12,"") | J12: =I12-H12 | K12: =IFERROR(I12/H12,"") | O12: =N12-M12 | P12: =IFERROR(N12/M12,"") | T12: =S12-R12 | U12: =IFERROR(S12/R12,"") | Y12: =X12-W12 | Z12: =IFERROR(X12/W12,"") | AD12: =AC12-AB12 | AE12: =IFERROR(AC12/AB12,"") | AI12: =AH12-AG12 | AJ12: =IFERROR(AH12/AG12,"")
E13: =D13-C13 | F13: =IFERROR(D13/C13,"") | J13: =I13-H13 | K13: =IFERROR(I13/H13,"") | O13: =N13-M13 | P13: =IFERROR(N13/M13,"") | T13: =S13-R13 | U13: =IFERROR(S13/R13,"") | Y13: =X13-W13 | Z13: =IFERROR(X13/W13,"") | AD13: =AC13-AB13 | AE13: =IFERROR(AC13/AB13,"") | AI13: =AH13-AG13 | AJ13: =IFERROR(AH13/AG13,"")
E14: =D14-C14 | F14: =IFERROR(D14/C14,"") | J14: =I14-H14 | K14: =IFERROR(I14/H14,"") | O14: =N14-M14 | P14: =IFERROR(N14/M14,"") | T14: =S14-R14 | U14: =IFERROR(S14/R14,"") | Y14: =X14-W14 | Z14: =IFERROR(X14/W14,"") | AD14: =AC14-AB14 | AE14: =IFERROR(AC14/AB14,"") | AI14: =AH14-AG14 | AJ14: =IFERROR(AH14/AG14,"")
E15: =D15-C15 | F15: =IFERROR(D15/C15,"") | J15: =I15-H15 | K15: =IFERROR(I15/H15,"") | O15: =N15-M15 | P15: =IFERROR(N15/M15,"") | T15: =S15-R15 | U15: =IFERROR(S15/R15,"") | Y15: =X15-W15 | Z15: =IFERROR(X15/W15,"") | AD15: =AC15-AB15 | AE15: =IFERROR(AC15/AB15,"") | AI15: =AH15-AG15 | AJ15: =IFERROR(AH15/AG15,"")
E16: =D16-C16 | F16: =IFERROR(D16/C16,"") | J16: =I16-H16 | K16: =IFERROR(I16/H16,"") | O16: =N16-M16 | P16: =IFERROR(N16/M16,"") | T16: =S16-R16 | U16: =IFERROR(S16/R16,"") | Y16: =X16-W16 | Z16: =IFERROR(X16/W16,"") | AD16: =AC16-AB16 | AE16: =IFERROR(AC16/AB16,"") | AI16: =AH16-AG16 | AJ16: =IFERROR(AH16/AG16,"")
E17: =D17-C17 | F17: =IFERROR(D17/C17,"") | J17: =I17-H17 | K17: =IFERROR(I17/H17,"") | O17: =N17-M17 | P17: =IFERROR(N17/M17,"") | T17: =S17-R17 | U17: =IFERROR(S17/R17,"") | Y17: =X17-W17 | Z17: =IFERROR(X17/W17,"") | AD17: =AC17-AB17 | AE17: =IFERROR(AC17/AB17,"") | AI17: =AH17-AG17 | AJ17: =IFERROR(AH17/AG17,"")
C18: =SUM(C12:C17) | D18: =SUM(D12:D17) | E18: =D18-C18 | F18: =IFERROR(D18/C18,"") | H18: =SUM(H12:H17) | I18: =SUM(I12:I17) | J18: =I18-H18 | K18: =IFERROR(I18/H18,"") | M18: =SUM(M12:M17) | N18: =SUM(N12:N17) | O18: =N18-M18 | P18: =IFERROR(N18/M18,"") | R18: =SUM(R12:R17) | S18: =SUM(S12:S17) | T18: =S18-R18 | U18: =IFERROR(S18/R18,"") | W18: =SUM(W12:W17) | X18: =SUM(X12:X17) | Y18: =X18-W18 | Z18: =IFERROR(X18/W18,"") | AB18: =SUM(AB12:AB17) | AC18: =SUM(AC12:AC17) | AD18: =AC18-AB18 | AE18: =IFERROR(AC18/AB18,"") | AG18: =SUM(AG12:AG17) | AH18: =SUM(AH12:AH17) | AI18: =AH18-AG18 | AJ18: =IFERROR(AH18/AG18,"")
C19: =C11+C18 | D19: =D11+D18 | E19: =D19-C19 | F19: =IFERROR(D19/C19,"") | H19: =H11+H18 | I19: =I11+I18 | J19: =I19-H19 | K19: =IFERROR(I19/H19,"") | M19: =M11+M18 | N19: =N11+N18 | O19: =N19-M19 | P19: =IFERROR(N19/M19,"") | R19: =R11+R18 | S19: =S11+S18 | T19: =S19-R19 | U19: =IFERROR(S19/R19,"") | W19: =W11+W18 | X19: =X11+X18 | Y19: =X19-W19 | Z19: =IFERROR(X19/W19,"") | AB19: =AB11+AB18 | AC19: =AC11+AC18 | AD19: =AC19-AB19 | AE19: =IFERROR(AC19/AB19,"") | AG19: =AG11+AG18 | AH19: =AH11+AH18 | AI19: =AH19-AG19 | AJ19: =IFERROR(AH19/AG19,"")

Sheet 4월
D6: =G6+M6+N6 | G6: =SUM(H6:L6) | H6: =SUM(H7:H11) | I6: =SUM(I7:I11) | J6: =SUM(J7:J11) | K6: =SUM(K7:K11) | L6: =SUM(L7:L11) | M6: =SUM(M7:M11) | N6: =SUM(O6:U6) | O6: =SUM(O7:O11) | P6: =SUM(P7:P11) | Q6: =SUM(Q7:Q11) | R6: =SUM(R7:R11) | S6: =SUM(S7:S11) | T6: =SUM(T7:T11) | U6: =SUM(U7:U11)
D7: =G7+M7+N7 | G7: =SUM(H7:L7) | N7: =SUM(O7:U7)
D8: =G8+M8+N8 | G8: =SUM(H8:L8) | N8: =SUM(O8:U8)
D9: =G9+M9+N9 | G9: =SUM(H9:L9) | N9: =SUM(O9:U9)
D10: =G10+M10+N10 | G10: =SUM(H10:L10) | N10: =SUM(O10:U10)
D11: =G11+M11+N11 | G11: =SUM(H11:L11) | H11: =SUM(H12:H15) | I11: =SUM(I12:I15) | J11: =SUM(J12:J15) | K11: =SUM(K12:K15) | L11: =SUM(L12:L15) | M11: =SUM(M12:M15) | N11: =SUM(O11:U11) | O11: =SUM(O12:O15) | P11: =SUM(P12:P15) | Q11: =SUM(Q12:Q15) | R11: =SUM(R12:R15) | S11: =SUM(S12:S15) | T11: =SUM(T12:T15) | U11: =SUM(U12:U15)
D12: =G12+M12+N12 | G12: =SUM(H12:L12) | N12: =SUM(O12:U12)
D13: =G13+M13+N13 | G13: =SUM(H13:L13) | N13: =SUM(O13:U13)
D14: =G14+M14+N14 | G14: =SUM(H14:L14) | N14: =SUM(O14:U14)
D15: =G15+M15+N15 | G15: =SUM(H15:L15) | N15: =SUM(O15:U15)
D16: =G16+M16+N16 | G16: =SUM(H16:L16) | H16: =SUM(H17:H28) | I16: =SUM(I17:I28) | J16: =SUM(J17:J28) | K16: =SUM(K17:K28) | L16: =SUM(L17:L28) | M16: =SUM(M17:M28) | N16: =SUM(O16:U16) | O16: =SUM(O17:O28) | P16: =SUM(P17:P28) | Q16: =SUM(Q17:Q28) | R16: =SUM(R17:R28) | S16: =SUM(S17:S28) | T16: =SUM(T17:T28) | U16: =SUM(U17:U28)
D17: =G17+M17+N17 | G17: =SUM(H17:L17) | N17: =SUM(O17:U17)
D18: =G18+M18+N18 | G18: =SUM(H18:L18) | N18: =SUM(O18:U18)
D19: =G19+M19+N19 | G19: =SUM(H19:L19) | N19: =SUM(O19:U19)
D20: =G20+M20+N20 | G20: =SUM(H20:L20) | N20: =SUM(O20:U20)
D21: =G21+M21+N21 | G21: =SUM(H21:L21) | N21: =SUM(O21:U21)
D22: =G22+M22+N22 | G22: =SUM(H22:L22) | N22: =SUM(O22:U22)
D23: =G23+M23+N23 | G23: =SUM(H23:L23) | N23: =SUM(O23:U23)
D24: =G24+M24+N24 | G24: =SUM(H24:L24) | N24: =SUM(O24:U24)
D25: =G25+M25+N25 | G25: =SUM(H25:L25) | N25: =SUM(O25:U25)
D26: =G26+M26+N26 | G26: =SUM(H26:L26) | N26: =SUM(O26:U26)
D27: =G27+M27+N27 | G27: =SUM(H27:L27) | N27: =SUM(O27:U27)
D28: =G28+M28+N28 | G28: =SUM(H28:L28) | N28: =SUM(O28:U28)
D29: =G29+M29+N29 | G29: =SUM(H29:L29) | H29: =H6+H16 | I29: =I6+I16 | J29: =J6+J16 | K29: =K6+K16 | L29: =L6+L16 | M29: =M6+M16 | N29: =SUM(O29:U29) | O29: =O6+O16 | P29: =P6+P16 | Q29: =Q6+Q16 | R29: =R6+R16 | S29: =S6+S16 | T29: =T6+T16 | U29: =U6+U16
C36: =D6 | D36: =G36+M36+N36 | E36: =D36-C36 | F36: =IFERROR(D36/C36,0) | G36: =SUM(H36:L36) | H36: =SUM(H37:H41) | I36: =SUM(I37:I41) | J36: =SUM(J37:J41) | K36: =SUM(K37:K41) | L36: =SUM(L37:L41) | M36: =SUM(M37:M41) | N36: =SUM(O36:U36) | O36: =SUM(O37:O41) | P36: =SUM(P37:P41) | Q36: =SUM(Q37:Q41) | R36: =SUM(R37:R41) | S36: =SUM(S37:S41) | T36: =SUM(T37:T41) | U36: =SUM(U37:U41)
C37: =D7 | D37: =G37+M37+N37 | E37: =D37-C37 | F37: =IFERROR(D37/C37,0) | G37: =SUM(H37:L37) | N37: =SUM(O37:U37)
C38: =D8 | D38: =G38+M38+N38 | E38: =D38-C38 | F38: =IFERROR(D38/C38,0) | G38: =SUM(H38:L38) | N38: =SUM(O38:U38)
C39: =D9 | D39: =G39+M39+N39 | E39: =D39-C39 | F39: =IFERROR(D39/C39,0) | G39: =SUM(H39:L39) | N39: =SUM(O39:U39)
C40: =D10 | D40: =G40+M40+N40 | E40: =D40-C40 | F40: =IFERROR(D40/C40,0) | G40: =SUM(H40:L40) | N40: =SUM(O40:U40)
C41: =D11 | D41: =G41+M41+N41 | E41: =D41-C41 | F41: =IFERROR(D41/C41,0) | G41: =SUM(H41:L41) | H41: =SUM(H42:H45) | I41: =SUM(I42:I45) | J41: =SUM(J42:J45) | K41: =SUM(K42:K45) | L41: =SUM(L42:L45) | M41: =SUM(M42:M45) | N41: =SUM(O41:U41) | O41: =SUM(O42:O45) | P41: =SUM(P42:P45) | Q41: =SUM(Q42:Q45) | R41: =SUM(R42:R45) | S41: =SUM(S42:S45) | T41: =SUM(T42:T45) | U41: =SUM(U42:U45)
C42: =D12 | D42: =G42+M42+N42 | E42: =D42-C42 | F42: =IFERROR(D42/C42,0) | G42: =SUM(H42:L42) | N42: =SUM(O42:U42)
C43: =D13 | D43: =G43+M43+N43 | E43: =D43-C43 | F43: =IFERROR(D43/C43,0) | G43: =SUM(H43:L43) | N43: =SUM(O43:U43)
C44: =D14 | D44: =G44+M44+N44 | E44: =D44-C44 | F44: =IFERROR(D44/C44,0) | G44: =SUM(H44:L44) | N44: =SUM(O44:U44)
C45: =D15 | D45: =G45+M45+N45 | E45: =D45-C45 | F45: =IFERROR(D45/C45,0) | G45: =SUM(H45:L45) | N45: =SUM(O45:U45)
C46: =D16 | D46: =G46+M46+N46 | E46: =D46-C46 | F46: =IFERROR(D46/C46,0) | G46: =SUM(H46:L46) | H46: =SUM(H47:H58) | I46: =SUM(I47:I58) | J46: =SUM(J47:J58) | K46: =SUM(K47:K58) | L46: =SUM(L47:L58) | M46: =SUM(M47:M58) | N46: =SUM(O46:U46) | O46: =SUM(O47:O58) | P46: =SUM(P47:P58) | Q46: =SUM(Q47:Q58) | R46: =SUM(R47:R58) | S46: =SUM(S47:S58) | T46: =SUM(T47:T58) | U46: =SUM(U47:U58)
C47: =D17 | D47: =G47+M47+N47 | E47: =D47-C47 | F47: =IFERROR(D47/C47,0) | G47: =SUM(H47:L47) | N47: =SUM(O47:U47)
C48: =D18 | D48: =G48+M48+N48 | E48: =D48-C48 | F48: =IFERROR(D48/C48,0) | G48: =SUM(H48:L48) | N48: =SUM(O48:U48)
C49: =D19 | D49: =G49+M49+N49 | E49: =D49-C49 | F49: =IFERROR(D49/C49,0) | G49: =SUM(H49:L49) | N49: =SUM(O49:U49)
C50: =D20 | D50: =G50+M50+N50 | E50: =D50-C50 | F50: =IFERROR(D50/C50,0) | G50: =SUM(H50:L50) | N50: =SUM(O50:U50)
C51: =D21 | D51: =G51+M51+N51 | E51: =D51-C51 | F51: =IFERROR(D51/C51,0) | G51: =SUM(H51:L51) | N51: =SUM(O51:U51)
C52: =D22 | D52: =G52+M52+N52 | E52: =D52-C52 | F52: =IFERROR(D52/C52,0) | G52: =SUM(H52:L52) | N52: =SUM(O52:U52)
C53: =D23 | D53: =G53+M53+N53 | E53: =D53-C53 | F53: =IFERROR(D53/C53,0) | G53: =SUM(H53:L53) | N53: =SUM(O53:U53)
C54: =D24 | D54: =G54+M54+N54 | E54: =D54-C54 | F54: =IFERROR(D54/C54,0) | G54: =SUM(H54:L54) | N54: =SUM(O54:U54)
C55: =D25 | D55: =G55+M55+N55 | E55: =D55-C55 | F55: =IFERROR(D55/C55,0) | G55: =SUM(H55:L55) | N55: =SUM(O55:U55)
C56: =D26 | D56: =G56+M56+N56 | E56: =D56-C56 | F56: =IFERROR(D56/C56,0) | G56: =SUM(H56:L56) | N56: =SUM(O56:U56)
C57: =D27 | D57: =G57+M57+N57 | E57: =D57-C57 | F57: =IFERROR(D57/C57,0) | G57: =SUM(H57:L57) | N57: =SUM(O57:U57)
C58: =D28 | D58: =G58+M58+N58 | E58: =D58-C58 | F58: =IFERROR(D58/C58,0) | G58: =SUM(H58:L58) | N58: =SUM(O58:U58)
C59: =C36+C46 | D59: =D36+D46 | E59: =D59-C59 | F59: =IFERROR(D59/C59,"") | G59: =SUM(H59:L59) | H59: =H36+H46 | I59: =I36+I46 | J59: =J36+J46 | K59: =K36+K46 | L59: =L36+L46 | M59: =M36+M46 | N59: =N36+N46 | O59: =O36+O46 | ... U59: =U36+U46
D66: =G66+M66+N66 | G66: =SUM(H66:L66) | H66: =SUM(H67:H71) | I66: =SUM(I67:I71) | J66: =SUM(J67:J71) | K66: =SUM(K67:K71) | L66: =SUM(L67:L71) | M66: =SUM(M67:M71) | N66: =SUM(O66:U66) | O66: =SUM(O67:O71) | P66: =SUM(P67:P71) | Q66: =SUM(Q67:Q71) | R66: =SUM(R67:R71) | S66: =SUM(S67:S71) | T66: =SUM(T67:T71) | U66: =SUM(U67:U71)
D67: =G67+M67+N67 | G67: =SUM(H67:L67) | H67: =H37-H7 | I67: =I37-I7 | J67: =J37-J7 | K67: =K37-K7 | L67: =L37-L7 | M67: =M37-M7 | N67: =SUM(O67:U67) | O67: =O37-O7 | P67: =P37-P7 | Q67: =Q37-Q7 | R67: =R37-R7 | S67: =S37-S7 | T67: =T37-T7 | U67: =U37-U7
D68: =G68+M68+N68 | G68: =SUM(H68:L68) | H68: =H38-H8 | I68: =I38-I8 | J68: =J38-J8 | K68: =K38-K8 | L68: =L38-L8 | M68: =M38-M8 | N68: =SUM(O68:U68) | O68: =O38-O8 | P68: =P38-P8 | Q68: =Q38-Q8 | R68: =R38-R8 | S68: =S38-S8 | T68: =T38-T8 | U68: =U38-U8
D69: =G69+M69+N69 | G69: =SUM(H69:L69) | H69: =H39-H9 | I69: =I39-I9 | J69: =J39-J9 | K69: =K39-K9 | L69: =L39-L9 | M69: =M39-M9 | N69: =SUM(O69:U69) | O69: =O39-O9 | P69: =P39-P9 | Q69: =Q39-Q9 | R69: =R39-R9 | S69: =S39-S9 | T69: =T39-T9 | U69: =U39-U9
D70: =G70+M70+N70 | G70: =SUM(H70:L70) | H70: =H40-H10 | I70: =I40-I10 | J70: =J40-J10 | K70: =K40-K10 | L70: =L40-L10 | M70: =M40-M10 | N70: =SUM(O70:U70) | O70: =O40-O10 | P70: =P40-P10 | Q70: =Q40-Q10 | R70: =R40-R10 | S70: =S40-S10 | T70: =T40-T10 | U70: =U40-U10
D71: =G71+M71+N71 | G71: =SUM(H71:L71) | H71: =SUM(H72:H75) | I71: =SUM(I72:I75) | J71: =SUM(J72:J75) | K71: =SUM(K72:K75) | L71: =SUM(L72:L75) | M71: =SUM(M72:M75) | N71: =SUM(O71:U71) | O71: =SUM(O72:O75) | P71: =SUM(P72:P75) | Q71: =SUM(Q72:Q75) | R71: =SUM(R72:R75) | S71: =SUM(S72:S75) | T71: =SUM(T72:T75) | U71: =SUM(U72:U75)
D72: =G72+M72+N72 | G72: =SUM(H72:L72) | H72: =H42-H12 | I72: =I42-I12 | J72: =J42-J12 | K72: =K42-K12 | L72: =L42-L12 | M72: =M42-M12 | N72: =SUM(O72:U72) | O72: =O42-O12 | P72: =P42-P12 | Q72: =Q42-Q12 | R72: =R42-R12 | S72: =S42-S12 | T72: =T42-T12 | U72: =U42-U12
D73: =G73+M73+N73 | G73: =SUM(H73:L73) | H73: =H43-H13 | I73: =I43-I13 | J73: =J43-J13 | K73: =K43-K13 | L73: =L43-L13 | M73: =M43-M13 | N73: =SUM(O73:U73) | O73: =O43-O13 | P73: =P43-P13 | Q73: =Q43-Q13 | R73: =R43-R13 | S73: =S43-S13 | T73: =T43-T13 | U73: =U43-U13
D74: =G74+M74+N74 | G74: =SUM(H74:L74) | H74: =H44-H14 | I74: =I44-I14 | J74: =J44-J14 | K74: =K44-K14 | L74: =L44-L14 | M74: =M44-M14 | N74: =SUM(O74:U74) | O74: =O44-O14 | P74: =P44-P14 | Q74: =Q44-Q14 | R74: =R44-R14 | S74: =S44-S14 | T74: =T44-T14 | U74: =U44-U14
D75: =G75+M75+N75 | G75: =SUM(H75:L75) | H75: =H45-H15 | I75: =I45-I15 | J75: =J45-J15 | K75: =K45-K15 | L75: =L45-L15 | M75: =M45-M15 | N75: =SUM(O75:U75) | O75: =O45-O15 | P75: =P45-P15 | Q75: =Q45-Q15 | R75: =R45-R15 | S75: =S45-S15 | T75: =T45-T15 | U75: =U45-U15
D76: =G76+M76+N76 | G76: =SUM(H76:L76) | H76: =SUM(H77:H88) | I76: =SUM(I77:I88) | J76: =SUM(J77:J88) | K76: =SUM(K77:K88) | L76: =SUM(L77:L88) | M76: =SUM(M77:M88) | N76: =SUM(O76:U76) | O76: =SUM(O77:O88) | P76: =SUM(P77:P88) | Q76: =SUM(Q77:Q88) | R76: =SUM(R77:R88) | S76: =SUM(S77:S88) | T76: =SUM(T77:T88) | U76: =SUM(U77:U88)
D77: =G77+M77+N77 | G77: =SUM(H77:L77) | H77: =H47-H17 | I77: =I47-I17 | J77: =J47-J17 | K77: =K47-K17 | L77: =L47-L17 | M77: =M47-M17 | N77: =SUM(O77:U77) | O77: =O47-O17 | P77: =P47-P17 | Q77: =Q47-Q17 | R77: =R47-R17 | S77: =S47-S17 | T77: =T47-T17 | U77: =U47-U17
D78: =G78+M78+N78 | G78: =SUM(H78:L78) | H78: =H48-H18 | I78: =I48-I18 | J78: =J48-J18 | K78: =K48-K18 | L78: =L48-L18 | M78: =M48-M18 | N78: =SUM(O78:U78) | O78: =O48-O18 | P78: =P48-P18 | Q78: =Q48-Q18 | R78: =R48-R18 | S78: =S48-S18 | T78: =T48-T18 | U78: =U48-U18
D79: =G79+M79+N79 | G79: =SUM(H79:L79) | H79: =H49-H19 | I79: =I49-I19 | J79: =J49-J19 | K79: =K49-K19 | L79: =L49-L19 | M79: =M49-M19 | N79: =SUM(O79:U79) | O79: =O49-O19 | P79: =P49-P19 | Q79: =Q49-Q19 | R79: =R49-R19 | S79: =S49-S19 | T79: =T49-T19 | U79: =U49-U19
D80: =G80+M80+N80 | G80: =SUM(H80:L80) | H80: =H50-H20 | I80: =I50-I20 | J80: =J50-J20 | K80: =K50-K20 | L80: =L50-L20 | M80: =M50-M20 | N80: =SUM(O80:U80) | O80: =O50-O20 | P80: =P50-P20 | Q80: =Q50-Q20 | R80: =R50-R20 | S80: =S50-S20 | T80: =T50-T20 | U80: =U50-U20
D81: =G81+M81+N81 | G81: =SUM(H81:L81) | H81: =H51-H21 | I81: =I51-I21 | J81: =J51-J21 | K81: =K51-K21 | L81: =L51-L21 | M81: =M51-M21 | N81: =SUM(O81:U81) | O81: =O51-O21 | P81: =P51-P21 | Q81: =Q51-Q21 | R81: =R51-R21 | S81: =S51-S21 | T81: =T51-T21 | U81: =U51-U21
D82: =G82+M82+N82 | G82: =SUM(H82:L82) | H82: =H52-H22 | I82: =I52-I22 | J82: =J52-J22 | K82: =K52-K22 | L82: =L52-L22 | M82: =M52-M22 | N82: =SUM(O82:U82) | O82: =O52-O22 | P82: =P52-P22 | Q82: =Q52-Q22 | R82: =R52-R22 | S82: =S52-S22 | T82: =T52-T22 | U82: =U52-U22
D83: =G83+M83+N83 | G83: =SUM(H83:L83) | H83: =H53-H23 | I83: =I53-I23 | J83: =J53-J23 | K83: =K53-K23 | L83: =L53-L23 | M83: =M53-M23 | N83: =SUM(O83:U83) | O83: =O53-O23 | P83: =P53-P23 | Q83: =Q53-Q23 | R83: =R53-R23 | S83: =S53-S23 | T83: =T53-T23 | U83: =U53-U23
D84: =G84+M84+N84 | G84: =SUM(H84:L84) | H84: =H54-H24 | I84: =I54-I24 | J84: =J54-J24 | K84: =K54-K24 | L84: =L54-L24 | M84: =M54-M24 | N84: =SUM(O84:U84) | O84: =O54-O24 | P84: =P54-P24 | Q84: =Q54-Q24 | R84: =R54-R24 | S84: =S54-S24 | T84: =T54-T24 | U84: =U54-U24
D85: =G85+M85+N85 | G85: =SUM(H85:L85) | H85: =H55-H25 | I85: =I55-I25 | J85: =J55-J25 | K85: =K55-K25 | L85: =L55-L25 | M85: =M55-M25 | N85: =SUM(O85:U85) | O85: =O55-O25 | P85: =P55-P25 | Q85: =Q55-Q25 | R85: =R55-R25 | S85: =S55-S25 | T85: =T55-T25 | U85: =U55-U25
D86: =G86+M86+N86 | G86: =SUM(H86:L86) | H86: =H56-H26 | I86: =I56-I26 | J86: =J56-J26 | K86: =K56-K26 | L86: =L56-L26 | M86: =M56-M26 | N86: =SUM(O86:U86) | O86: =O56-O26 | P86: =P56-P26 | Q86: =Q56-Q26 | R86: =R56-R26 | S86: =S56-S26 | T86: =T56-T26 | U86: =U56-U26
D87: =G87+M87+N87 | G87: =SUM(H87:L87) | H87: =H57-H27 | I87: =I57-I27 | J87: =J57-J27 | K87: =K57-K27 | L87: =L57-L27 | M87: =M57-M27 | N87: =SUM(O87:U87) | O87: =O57-O27 | P87: =P57-P27 | Q87: =Q57-Q27 | R87: =R57-R27 | S87: =S57-S27 | T87: =T57-T27 | U87: =U57-U27
D88: =G88+M88+N88 | G88: =SUM(H88:L88) | H88: =H58-H28 | I88: =I58-I28 | J88: =J58-J28 | K88: =K58-K28 | L88: =L58-L28 | M88: =M58-M28 | N88: =SUM(O88:U88) | O88: =O58-O28 | P88: =P58-P28 | Q88: =Q58-Q28 | R88: =R58-R28 | S88: =S58-S28 | T88: =T58-T28 | U88: =U58-U28
D89: =G89+M89+N89 | G89: =SUM(H89:L89) | H89: =H66+H76 | I89: =I66+I76 | J89: =J66+J76 | K89: =K66+K76 | L89: =L66+L76 | M89: =M66+M76 | N89: =SUM(O89:U89) | O89: =O66+O76 | P89: =P66+P76 | Q89: =Q66+Q76 | R89: =R66+R76 | S89: =S66+S76 | T89: =T66+T76 | U89: =U66+U76

Sheet 4월 누계
D6: =G6+M6+N6 | G6: =SUM(H6:L6) | H6: =SUM(H7:H11) | I6: =SUM(I7:I11) | J6: =SUM(J7:J11) | K6: =SUM(K7:K11) | L6: =SUM(L7:L11) | M6: =SUM(M7:M11) | N6: =SUM(O6:U6) | O6: =SUM(O7:O11) | P6: =SUM(P7:P11) | Q6: =SUM(Q7:Q11) | R6: =SUM(R7:R11) | S6: =SUM(S7:S11) | T6: =SUM(T7:T11) | U6: =SUM(U7:U11)
D7: =G7+M7+N7 | G7: =SUM(H7:L7) | H7: ='3월 누계'!H7+'4월'!H7 | I7: ='3월 누계'!I7+'4월'!I7 | J7: ='3월 누계'!J7+'4월'!J7 | K7: ='3월 누계'!K7+'4월'!K7 | L7: ='3월 누계'!L7+'4월'!L7 | M7: ='3월 누계'!M7+'4월'!M7 | N7: =SUM(O7:U7) | O7: ='3월 누계'!O7+'4월'!O7 | P7: ='3월 누계'!P7+'4월'!P7 | Q7: ='3월 누계'!Q7+'4월'!Q7 | R7: ='3월 누계'!R7+'4월'!R7 | S7: ='3월 누계'!S7+'4월'!S7 | T7: ='3월 누계'!T7+'4월'!T7 | U7: ='3월 누계'!U7+'4월'!U7
D8: =G8+M8+N8 | G8: =SUM(H8:L8) | H8: ='3월 누계'!H8+'4월'!H8 | I8: ='3월 누계'!I8+'4월'!I8 | J8: ='3월 누계'!J8+'4월'!J8 | K8: ='3월 누계'!K8+'4월'!K8 | L8: ='3월 누계'!L8+'4월'!L8 | M8: ='3월 누계'!M8+'4월'!M8 | N8: =SUM(O8:U8) | O8: ='3월 누계'!O8+'4월'!O8 | P8: ='3월 누계'!P8+'4월'!P8 | Q8: ='3월 누계'!Q8+'4월'!Q8 | R8: ='3월 누계'!R8+'4월'!R8 | S8: ='3월 누계'!S8+'4월'!S8 | T8: ='3월 누계'!T8+'4월'!T8 | U8: ='3월 누계'!U8+'4월'!U8
D9: =G9+M9+N9 | G9: =SUM(H9:L9) | H9: ='3월 누계'!H9+'4월'!H9 | I9: ='3월 누계'!I9+'4월'!I9 | J9: ='3월 누계'!J9+'4월'!J9 | K9: ='3월 누계'!K9+'4월'!K9 | L9: ='3월 누계'!L9+'4월'!L9 | M9: ='3월 누계'!M9+'4월'!M9 | N9: =SUM(O9:U9) | O9: ='3월 누계'!O9+'4월'!O9 | P9: ='3월 누계'!P9+'4월'!P9 | Q9: ='3월 누계'!Q9+'4월'!Q9 | R9: ='3월 누계'!R9+'4월'!R9 | S9: ='3월 누계'!S9+'4월'!S9 | T9: ='3월 누계'!T9+'4월'!T9 | U9: ='3월 누계'!U9+'4월'!U9
D10: =G10+M10+N10 | G10: =SUM(H10:L10) | H10: ='3월 누계'!H10+'4월'!H10 | I10: ='3월 누계'!I10+'4월'!I10 | J10: ='3월 누계'!J10+'4월'!J10 | K10: ='3월 누계'!K10+'4월'!K10 | L10: ='3월 누계'!L10+'4월'!L10 | M10: ='3월 누계'!M10+'4월'!M10 | N10: =SUM(O10:U10) | O10: ='3월 누계'!O10+'4월'!O10 | P10: ='3월 누계'!P10+'4월'!P10 | Q10: ='3월 누계'!Q10+'4월'!Q10 | R10: ='3월 누계'!R10+'4월'!R10 | S10: ='3월 누계'!S10+'4월'!S10 | T10: ='3월 누계'!T10+'4월'!T10 | U10: ='3월 누계'!U10+'4월'!U10
D11: =G11+M11+N11 | G11: =SUM(H11:L11) | H11: =SUM(H12:H15) | I11: =SUM(I12:I15) | J11: =SUM(J12:J15) | K11: =SUM(K12:K15) | L11: =SUM(L12:L15) | M11: =SUM(M12:M15) | N11: =SUM(O11:U11) | O11: =SUM(O12:O15) | P11: =SUM(P12:P15) | Q11: =SUM(Q12:Q15) | R11: =SUM(R12:R15) | S11: =SUM(S12:S15) | T11: =SUM(T12:T15) | U11: =SUM(U12:U15)
D12: =G12+M12+N12 | G12: =SUM(H12:L12) | H12: ='3월 누계'!H12+'4월'!H12 | I12: ='3월 누계'!I12+'4월'!I12 | J12: ='3월 누계'!J12+'4월'!J12 | K12: ='3월 누계'!K12+'4월'!K12 | L12: ='3월 누계'!L12+'4월'!L12 | M12: ='3월 누계'!M12+'4월'!M12 | N12: =SUM(O12:U12) | O12: ='3월 누계'!O12+'4월'!O12 | P12: ='3월 누계'!P12+'4월'!P12 | Q12: ='3월 누계'!Q12+'4월'!Q12 | R12: ='3월 누계'!R12+'4월'!R12 | S12: ='3월 누계'!S12+'4월'!S12 | T12: ='3월 누계'!T12+'4월'!T12 | U12: ='3월 누계'!U12+'4월'!U12
D13: =G13+M13+N13 | G13: =SUM(H13:L13) | H13: ='3월 누계'!H13+'4월'!H13 | I13: ='3월 누계'!I13+'4월'!I13 | J13: ='3월 누계'!J13+'4월'!J13 | K13: ='3월 누계'!K13+'4월'!K13 | L13: ='3월 누계'!L13+'4월'!L13 | M13: ='3월 누계'!M13+'4월'!M13 | N13: =SUM(O13:U13) | O13: ='3월 누계'!O13+'4월'!O13 | P13: ='3월 누계'!P13+'4월'!P13 | Q13: ='3월 누계'!Q13+'4월'!Q13 | R13: ='3월 누계'!R13+'4월'!R13 | S13: ='3월 누계'!S13+'4월'!S13 | T13: ='3월 누계'!T13+'4월'!T13 | U13: ='3월 누계'!U13+'4월'!U13
D14: =G14+M14+N14 | G14: =SUM(H14:L14) | H14: ='3월 누계'!H14+'4월'!H14 | I14: ='3월 누계'!I14+'4월'!I14 | J14: ='3월 누계'!J14+'4월'!J14 | K14: ='3월 누계'!K14+'4월'!K14 | L14: ='3월 누계'!L14+'4월'!L14 | M14: ='3월 누계'!M14+'4월'!M14 | N14: =SUM(O14:U14) | O14: ='3월 누계'!O14+'4월'!O14 | P14: ='3월 누계'!P14+'4월'!P14 | Q14: ='3월 누계'!Q14+'4월'!Q14 | R14: ='3월 누계'!R14+'4월'!R14 | S14: ='3월 누계'!S14+'4월'!S14 | T14: ='3월 누계'!T14+'4월'!T14 | U14: ='3월 누계'!U14+'4월'!U14
D15: =G15+M15+N15 | G15: =SUM(H15:L15) | H15: ='3월 누계'!H15+'4월'!H15 | I15: ='3월 누계'!I15+'4월'!I15 | J15: ='3월 누계'!J15+'4월'!J15 | K15: ='3월 누계'!K15+'4월'!K15 | L15: ='3월 누계'!L15+'4월'!L15 | M15: ='3월 누계'!M15+'4월'!M15 | N15: =SUM(O15:U15) | O15: ='3월 누계'!O15+'4월'!O15 | P15: ='3월 누계'!P15+'4월'!P15 | Q15: ='3월 누계'!Q15+'4월'!Q15 | R15: ='3월 누계'!R15+'4월'!R15 | S15: ='3월 누계'!S15+'4월'!S15 | T15: ='3월 누계'!T15+'4월'!T15 | U15: ='3월 누계'!U15+'4월'!U15
D16: =G16+M16+N16 | G16: =SUM(H16:L16) | H16: =SUM(H17:H28) | I16: =SUM(I17:I28) | J16: =SUM(J17:J28) | K16: =SUM(K17:K28) | L16: =SUM(L17:L28) | M16: =SUM(M17:M28) | N16: =SUM(O16:U16) | O16: =SUM(O17:O28) | P16: =SUM(P17:P28) | Q16: =SUM(Q17:Q28) | R16: =SUM(R17:R28) | S16: =SUM(S17:S28) | T16: =SUM(T17:T28) | U16: =SUM(U17:U28)
D17: =G17+M17+N17 | G17: =SUM(H17:L17) | H17: ='3월 누계'!H17+'4월'!H17 | I17: ='3월 누계'!I17+'4월'!I17 | J17: ='3월 누계'!J17+'4월'!J17 | K17: ='3월 누계'!K17+'4월'!K17 | L17: ='3월 누계'!L17+'4월'!L17 | M17: ='3월 누계'!M17+'4월'!M17 | N17: =SUM(O17:U17) | O17: ='3월 누계'!O17+'4월'!O17 | P17: ='3월 누계'!P17+'4월'!P17 | Q17: ='3월 누계'!Q17+'4월'!Q17 | R17: ='3월 누계'!R17+'4월'!R17 | S17: ='3월 누계'!S17+'4월'!S17 | T17: ='3월 누계'!T17+'4월'!T17 | U17: ='3월 누계'!U17+'4월'!U17
D18: =G18+M18+N18 | G18: =SUM(H18:L18) | H18: ='3월 누계'!H18+'4월'!H18 | I18: ='3월 누계'!I18+'4월'!I18 | J18: ='3월 누계'!J18+'4월'!J18 | K18: ='3월 누계'!K18+'4월'!K18 | L18: ='3월 누계'!L18+'4월'!L18 | M18: ='3월 누계'!M18+'4월'!M18 | N18: =SUM(O18:U18) | O18: ='3월 누계'!O18+'4월'!O18 | P18: ='3월 누계'!P18+'4월'!P18 | Q18: ='3월 누계'!Q18+'4월'!Q18 | R18: ='3월 누계'!R18+'4월'!R18 | S18: ='3월 누계'!S18+'4월'!S18 | T18: ='3월 누계'!T18+'4월'!T18 | U18: ='3월 누계'!U18+'4월'!U18
D19: =G19+M19+N19 | G19: =SUM(H19:L19) | H19: ='3월 누계'!H19+'4월'!H19 | I19: ='3월 누계'!I19+'4월'!I19 | J19: ='3월 누계'!J19+'4월'!J19 | K19: ='3월 누계'!K19+'4월'!K19 | L19: ='3월 누계'!L19+'4월'!L19 | M19: ='3월 누계'!M19+'4월'!M19 | N19: =SUM(O19:U19) | O19: ='3월 누계'!O19+'4월'!O19 | P19: ='3월 누계'!P19+'4월'!P19 | Q19: ='3월 누계'!Q19+'4월'!Q19 | R19: ='3월 누계'!R19+'4월'!R19 | S19: ='3월 누계'!S19+'4월'!S19 | T19: ='3월 누계'!T19+'4월'!T19 | U19: ='3월 누계'!U19+'4월'!U19
D20: =G20+M20+N20 | G20: =SUM(H20:L20) | H20: ='3월 누계'!H20+'4월'!H20 | I20: ='3월 누계'!I20+'4월'!I20 | J20: ='3월 누계'!J20+'4월'!J20 | K20: ='3월 누계'!K20+'4월'!K20 | L20: ='3월 누계'!L20+'4월'!L20 | M20: ='3월 누계'!M20+'4월'!M20 | N20: =SUM(O20:U20) | O20: ='3월 누계'!O20+'4월'!O20 | P20: ='3월 누계'!P20+'4월'!P20 | Q20: ='3월 누계'!Q20+'4월'!Q20 | R20: ='3월 누계'!R20+'4월'!R20 | S20: ='3월 누계'!S20+'4월'!S20 | T20: ='3월 누계'!T20+'4월'!T20 | U20: ='3월 누계'!U20+'4월'!U20
D21: =G21+M21+N21 | G21: =SUM(H21:L21) | H21: ='3월 누계'!H21+'4월'!H21 | I21: ='3월 누계'!I21+'4월'!I21 | J21: ='3월 누계'!J21+'4월'!J21 | K21: ='3월 누계'!K21+'4월'!K21 | L21: ='3월 누계'!L21+'4월'!L21 | M21: ='3월 누계'!M21+'4월'!M21 | N21: =SUM(O21:U21) | O21: ='3월 누계'!O21+'4월'!O21 | P21: ='3월 누계'!P21+'4월'!P21 | Q21: ='3월 누계'!Q21+'4월'!Q21 | R21: ='3월 누계'!R21+'4월'!R21 | S21: ='3월 누계'!S21+'4월'!S21 | T21: ='3월 누계'!T21+'4월'!T21 | U21: ='3월 누계'!U21+'4월'!U21
D22: =G22+M22+N22 | G22: =SUM(H22:L22) | H22: ='3월 누계'!H22+'4월'!H22 | I22: ='3월 누계'!I22+'4월'!I22 | J22: ='3월 누계'!J22+'4월'!J22 | K22: ='3월 누계'!K22+'4월'!K22 | L22: ='3월 누계'!L22+'4월'!L22 | M22: ='3월 누계'!M22+'4월'!M22 | N22: =SUM(O22:U22) | O22: ='3월 누계'!O22+'4월'!O22 | P22: ='3월 누계'!P22+'4월'!P22 | Q22: ='3월 누계'!Q22+'4월'!Q22 | R22: ='3월 누계'!R22+'4월'!R22 | S22: ='3월 누계'!S22+'4월'!S22 | T22: ='3월 누계'!T22+'4월'!T22 | U22: ='3월 누계'!U22+'4월'!U22
D23: =G23+M23+N23 | G23: =SUM(H23:L23) | H23: ='3월 누계'!H23+'4월'!H23 | I23: ='3월 누계'!I23+'4월'!I23 | J23: ='3월 누계'!J23+'4월'!J23 | K23: ='3월 누계'!K23+'4월'!K23 | L23: ='3월 누계'!L23+'4월'!L23 | M23: ='3월 누계'!M23+'4월'!M23 | N23: =SUM(O23:U23) | O23: ='3월 누계'!O23+'4월'!O23 | P23: ='3월 누계'!P23+'4월'!P23 | Q23: ='3월 누계'!Q23+'4월'!Q23 | R23: ='3월 누계'!R23+'4월'!R23 | S23: ='3월 누계'!S23+'4월'!S23 | T23: ='3월 누계'!T23+'4월'!T23 | U23: ='3월 누계'!U23+'4월'!U23
D24: =G24+M24+N24 | G24: =SUM(H24:L24) | H24: ='3월 누계'!H24+'4월'!H24 | I24: ='3월 누계'!I24+'4월'!I24 | J24: ='3월 누계'!J24+'4월'!J24 | K24: ='3월 누계'!K24+'4월'!K24 | L24: ='3월 누계'!L24+'4월'!L24 | M24: ='3월 누계'!M24+'4월'!M24 | N24: =SUM(O24:U24) | O24: ='3월 누계'!O24+'4월'!O24 | P24: ='3월 누계'!P24+'4월'!P24 | Q24: ='3월 누계'!Q24+'4월'!Q24 | R24: ='3월 누계'!R24+'4월'!R24 | S24: ='3월 누계'!S24+'4월'!S24 | T24: ='3월 누계'!T24+'4월'!T24 | U24: ='3월 누계'!U24+'4월'!U24
D25: =G25+M25+N25 | G25: =SUM(H25:L25) | H25: ='3월 누계'!H25+'4월'!H25 | I25: ='3월 누계'!I25+'4월'!I25 | J25: ='3월 누계'!J25+'4월'!J25 | K25: ='3월 누계'!K25+'4월'!K25 | L25: ='3월 누계'!L25+'4월'!L25 | M25: ='3월 누계'!M25+'4월'!M25 | N25: =SUM(O25:U25) | O25: ='3월 누계'!O25+'4월'!O25 | P25: ='3월 누계'!P25+'4월'!P25 | Q25: ='3월 누계'!Q25+'4월'!Q25 | R25: ='3월 누계'!R25+'4월'!R25 | S25: ='3월 누계'!S25+'4월'!S25 | T25: ='3월 누계'!T25+'4월'!T25 | U25: ='3월 누계'!U25+'4월'!U25
D26: =G26+M26+N26 | G26: =SUM(H26:L26) | H26: ='3월 누계'!H26+'4월'!H26 | I26: ='3월 누계'!I26+'4월'!I26 | J26: ='3월 누계'!J26+'4월'!J26 | K26: ='3월 누계'!K26+'4월'!K26 | L26: ='3월 누계'!L26+'4월'!L26 | M26: ='3월 누계'!M26+'4월'!M26 | N26: =SUM(O26:U26) | O26: ='3월 누계'!O26+'4월'!O26 | P26: ='3월 누계'!P26+'4월'!P26 | Q26: ='3월 누계'!Q26+'4월'!Q26 | R26: ='3월 누계'!R26+'4월'!R26 | S26: ='3월 누계'!S26+'4월'!S26 | T26: ='3월 누계'!T26+'4월'!T26 | U26: ='3월 누계'!U26+'4월'!U26
D27: =G27+M27+N27 | G27: =SUM(H27:L27) | H27: ='3월 누계'!H27+'4월'!H27 | I27: ='3월 누계'!I27+'4월'!I27 | J27: ='3월 누계'!J27+'4월'!J27 | K27: ='3월 누계'!K27+'4월'!K27 | L27: ='3월 누계'!L27+'4월'!L27 | M27: ='3월 누계'!M27+'4월'!M27 | N27: =SUM(O27:U27) | O27: ='3월 누계'!O27+'4월'!O27 | P27: ='3월 누계'!P27+'4월'!P27 | Q27: ='3월 누계'!Q27+'4월'!Q27 | R27: ='3월 누계'!R27+'4월'!R27 | S27: ='3월 누계'!S27+'4월'!S27 | T27: ='3월 누계'!T27+'4월'!T27 | U27: ='3월 누계'!U27+'4월'!U27
D28: =G28+M28+N28 | G28: =SUM(H28:L28) | H28: ='3월 누계'!H28+'4월'!H28 | I28: ='3월 누계'!I28+'4월'!I28 | J28: ='3월 누계'!J28+'4월'!J28 | K28: ='3월 누계'!K28+'4월'!K28 | L28: ='3월 누계'!L28+'4월'!L28 | M28: ='3월 누계'!M28+'4월'!M28 | N28: =SUM(O28:U28) | O28: ='3월 누계'!O28+'4월'!O28 | P28: ='3월 누계'!P28+'4월'!P28 | Q28: ='3월 누계'!Q28+'4월'!Q28 | R28: ='3월 누계'!R28+'4월'!R28 | S28: ='3월 누계'!S28+'4월'!S28 | T28: ='3월 누계'!T28+'4월'!T28 | U28: ='3월 누계'!U28+'4월'!U28
D29: =G29+M29+N29 | G29: =SUM(H29:L29) | H29: =H6+H16 | I29: =I6+I16 | J29: =J6+J16 | K29: =K6+K16 | L29: =L6+L16 | M29: =M6+M16 | N29: =SUM(O29:U29) | O29: =O6+O16 | P29: =P6+P16 | Q29: =Q6+Q16 | R29: =R6+R16 | S29: =S6+S16 | T29: =T6+T16 | U29: =U6+U16
C36: =D6 | D36: =G36+M36+N36 | E36: =D36-C36 | F36: =IFERROR(D36/C36,0) | G36: =SUM(H36:L36) | H36: =SUM(H37:H41) | I36: =SUM(I37:I41) | J36: =SUM(J37:J41) | K36: =SUM(K37:K41) | L36: =SUM(L37:L41) | M36: =SUM(M37:M41) | N36: =SUM(O36:U36) | O36: =SUM(O37:O41) | P36: =SUM(P37:P41) | Q36: =SUM(Q37:Q41) | R36: =SUM(R37:R41) | S36: =SUM(S37:S41) | T36: =SUM(T37:T41) | U36: =SUM(U37:U41)
C37: =D7 | D37: =G37+M37+N37 | E37: =D37-C37 | F37: =IFERROR(D37/C37,0) | G37: =SUM(H37:L37) | H37: ='3월 누계'!H37+'4월'!H37 | I37: ='3월 누계'!I37+'4월'!I37 | J37: ='3월 누계'!J37+'4월'!J37 | K37: ='3월 누계'!K37+'4월'!K37 | L37: ='3월 누계'!L37+'4월'!L37 | M37: ='3월 누계'!M37+'4월'!M37 | N37: =SUM(O37:U37) | O37: ='3월 누계'!O37+'4월'!O37 | P37: ='3월 누계'!P37+'4월'!P37 | Q37: ='3월 누계'!Q37+'4월'!Q37 | R37: ='3월 누계'!R37+'4월'!R37 | S37: ='3월 누계'!S37+'4월'!S37 | T37: ='3월 누계'!T37+'4월'!T37 | U37: ='3월 누계'!U37+'4월'!U37
C38: =D8 | D38: =G38+M38+N38 | E38: =D38-C38 | F38: =IFERROR(D38/C38,0) | G38: =SUM(H38:L38) | H38: ='3월 누계'!H38+'4월'!H38 | I38: ='3월 누계'!I38+'4월'!I38 | J38: ='3월 누계'!J38+'4월'!J38 | K38: ='3월 누계'!K38+'4월'!K38 | L38: ='3월 누계'!L38+'4월'!L38 | M38: ='3월 누계'!M38+'4월'!M38 | N38: =SUM(O38:U38) | O38: ='3월 누계'!O38+'4월'!O38 | P38: ='3월 누계'!P38+'4월'!P38 | Q38: ='3월 누계'!Q38+'4월'!Q38 | R38: ='3월 누계'!R38+'4월'!R38 | S38: ='3월 누계'!S38+'4월'!S38 | T38: ='3월 누계'!T38+'4월'!T38 | U38: ='3월 누계'!U38+'4월'!U38
C39: =D9 | D39: =G39+M39+N39 | E39: =D39-C39 | F39: =IFERROR(D39/C39,0) | G39: =SUM(H39:L39) | H39: ='3월 누계'!H39+'4월'!H39 | I39: ='3월 누계'!I39+'4월'!I39 | J39: ='3월 누계'!J39+'4월'!J39 | K39: ='3월 누계'!K39+'4월'!K39 | L39: ='3월 누계'!L39+'4월'!L39 | M39: ='3월 누계'!M39+'4월'!M39 | N39: =SUM(O39:U39) | O39: ='3월 누계'!O39+'4월'!O39 | P39: ='3월 누계'!P39+'4월'!P39 | Q39: ='3월 누계'!Q39+'4월'!Q39 | R39: ='3월 누계'!R39+'4월'!R39 | S39: ='3월 누계'!S39+'4월'!S39 | T39: ='3월 누계'!T39+'4월'!T39 | U39: ='3월 누계'!U39+'4월'!U39
C40: =D10 | D40: =G40+M40+N40 | E40: =D40-C40 | F40: =IFERROR(D40/C40,0) | G40: =SUM(H40:L40) | H40: ='3월 누계'!H40+'4월'!H40 | I40: ='3월 누계'!I40+'4월'!I40 | J40: ='3월 누계'!J40+'4월'!J40 | K40: ='3월 누계'!K40+'4월'!K40 | L40: ='3월 누계'!L40+'4월'!L40 | M40: ='3월 누계'!M40+'4월'!M40 | N40: =SUM(O40:U40) | O40: ='3월 누계'!O40+'4월'!O40 | P40: ='3월 누계'!P40+'4월'!P40 | Q40: ='3월 누계'!Q40+'4월'!Q40 | R40: ='3월 누계'!R40+'4월'!R40 | S40: ='3월 누계'!S40+'4월'!S40 | T40: ='3월 누계'!T40+'4월'!T40 | U40: ='3월 누계'!U40+'4월'!U40
C41: =D11 | D41: =G41+M41+N41 | E41: =D41-C41 | F41: =IFERROR(D41/C41,0) | G41: =SUM(H41:L41) | H41: =SUM(H42:H45) | I41: =SUM(I42:I45) | J41: =SUM(J42:J45) | K41: =SUM(K42:K45) | L41: =SUM(L42:L45) | M41: =SUM(M42:M45) | N41: =SUM(O41:U41) | O41: =SUM(O42:O45) | P41: =SUM(P42:P45) | Q41: =SUM(Q42:Q45) | R41: =SUM(R42:R45) | S41: =SUM(S42:S45) | T41: =SUM(T42:T45) | U41: =SUM(U42:U45)
C42: =D12 | D42: =G42+M42+N42 | E42: =D42-C42 | F42: =IFERROR(D42/C42,0) | G42: =SUM(H42:L42) | H42: ='3월 누계'!H42+'4월'!H42 | I42: ='3월 누계'!I42+'4월'!I42 | J42: ='3월 누계'!J42+'4월'!J42 | K42: ='3월 누계'!K42+'4월'!K42 | L42: ='3월 누계'!L42+'4월'!L42 | M42: ='3월 누계'!M42+'4월'!M42 | N42: =SUM(O42:U42) | O42: ='3월 누계'!O42+'4월'!O42 | P42: ='3월 누계'!P42+'4월'!P42 | Q42: ='3월 누계'!Q42+'4월'!Q42 | R42: ='3월 누계'!R42+'4월'!R42 | S42: ='3월 누계'!S42+'4월'!S42 | T42: ='3월 누계'!T42+'4월'!T42 | U42: ='3월 누계'!U42+'4월'!U42
C43: =D13 | D43: =G43+M43+N43 | E43: =D43-C43 | F43: =IFERROR(D43/C43,0) | G43: =SUM(H43:L43) | H43: ='3월 누계'!H43+'4월'!H43 | I43: ='3월 누계'!I43+'4월'!I43 | J43: ='3월 누계'!J43+'4월'!J43 | K43: ='3월 누계'!K43+'4월'!K43 | L43: ='3월 누계'!L43+'4월'!L43 | M43: ='3월 누계'!M43+'4월'!M43 | N43: =SUM(O43:U43) | O43: ='3월 누계'!O43+'4월'!O43 | P43: ='3월 누계'!P43+'4월'!P43 | Q43: ='3월 누계'!Q43+'4월'!Q43 | R43: ='3월 누계'!R43+'4월'!R43 | S43: ='3월 누계'!S43+'4월'!S43 | T43: ='3월 누계'!T43+'4월'!T43 | U43: ='3월 누계'!U43+'4월'!U43
C44: =D14 | D44: =G44+M44+N44 | E44: =D44-C44 | F44: =IFERROR(D44/C44,0) | G44: =SUM(H44:L44) | H44: ='3월 누계'!H44+'4월'!H44 | I44: ='3월 누계'!I44+'4월'!I44 | J44: ='3월 누계'!J44+'4월'!J44 | K44: ='3월 누계'!K44+'4월'!K44 | L44: ='3월 누계'!L44+'4월'!L44 | M44: ='3월 누계'!M44+'4월'!M44 | N44: =SUM(O44:U44) | O44: ='3월 누계'!O44+'4월'!O44 | P44: ='3월 누계'!P44+'4월'!P44 | Q44: ='3월 누계'!Q44+'4월'!Q44 | R44: ='3월 누계'!R44+'4월'!R44 | S44: ='3월 누계'!S44+'4월'!S44 | T44: ='3월 누계'!T44+'4월'!T44 | U44: ='3월 누계'!U44+'4월'!U44
C45: =D15 | D45: =G45+M45+N45 | E45: =D45-C45 | F45: =IFERROR(D45/C45,0) | G45: =SUM(H45:L45) | H45: ='3월 누계'!H45+'4월'!H45 | I45: ='3월 누계'!I45+'4월'!I45 | J45: ='3월 누계'!J45+'4월'!J45 | K45: ='3월 누계'!K45+'4월'!K45 | L45: ='3월 누계'!L45+'4월'!L45 | M45: ='3월 누계'!M45+'4월'!M45 | N45: =SUM(O45:U45) | O45: ='3월 누계'!O45+'4월'!O45 | P45: ='3월 누계'!P45+'4월'!P45 | Q45: ='3월 누계'!Q45+'4월'!Q45 | R45: ='3월 누계'!R45+'4월'!R45 | S45: ='3월 누계'!S45+'4월'!S45 | T45: ='3월 누계'!T45+'4월'!T45 | U45: ='3월 누계'!U45+'4월'!U45
C46: =D16 | D46: =G46+M46+N46 | E46: =D46-C46 | F46: =IFERROR(D46/C46,0) | G46: =SUM(H46:L46) | H46: =SUM(H47:H58) | I46: =SUM(I47:I58) | J46: =SUM(J47:J58) | K46: =SUM(K47:K58) | L46: =SUM(L47:L58) | M46: =SUM(M47:M58) | N46: =SUM(O46:U46) | O46: =SUM(O47:O58) | P46: =SUM(P47:P58) | Q46: =SUM(Q47:Q58) | R46: =SUM(R47:R58) | S46: =SUM(S47:S58) | T46: =SUM(T47:T58) | U46: =SUM(U47:U58)
C47: =D17 | D47: =G47+M47+N47 | E47: =D47-C47 | F47: =IFERROR(D47/C47,0) | G47: =SUM(H47:L47) | H47: ='3월 누계'!H47+'4월'!H47 | I47: ='3월 누계'!I47+'4월'!I47 | J47: ='3월 누계'!J47+'4월'!J47 | K47: ='3월 누계'!K47+'4월'!K47 | L47: ='3월 누계'!L47+'4월'!L47 | M47: ='3월 누계'!M47+'4월'!M47 | N47: =SUM(O47:U47) | O47: ='3월 누계'!O47+'4월'!O47 | P47: ='3월 누계'!P47+'4월'!P47 | Q47: ='3월 누계'!Q47+'4월'!Q47 | R47: ='3월 누계'!R47+'4월'!R47 | S47: ='3월 누계'!S47+'4월'!S47 | T47: ='3월 누계'!T47+'4월'!T47 | U47: ='3월 누계'!U47+'4월'!U47
C48: =D18 | D48: =G48+M48+N48 | E48: =D48-C48 | F48: =IFERROR(D48/C48,0) | G48: =SUM(H48:L48) | H48: ='3월 누계'!H48+'4월'!H48 | I48: ='3월 누계'!I48+'4월'!I48 | J48: ='3월 누계'!J48+'4월'!J48 | K48: ='3월 누계'!K48+'4월'!K48 | L48: ='3월 누계'!L48+'4월'!L48 | M48: ='3월 누계'!M48+'4월'!M48 | N48: =SUM(O48:U48) | O48: ='3월 누계'!O48+'4월'!O48 | P48: ='3월 누계'!P48+'4월'!P48 | Q48: ='3월 누계'!Q48+'4월'!Q48 | R48: ='3월 누계'!R48+'4월'!R48 | S48: ='3월 누계'!S48+'4월'!S48 | T48: ='3월 누계'!T48+'4월'!T48 | U48: ='3월 누계'!U48+'4월'!U48
C49: =D19 | D49: =G49+M49+N49 | E49: =D49-C49 | F49: =IFERROR(D49/C49,0) | G49: =SUM(H49:L49) | H49: ='3월 누계'!H49+'4월'!H49 | I49: ='3월 누계'!I49+'4월'!I49 | J49: ='3월 누계'!J49+'4월'!J49 | K49: ='3월 누계'!K49+'4월'!K49 | L49: ='3월 누계'!L49+'4월'!L49 | M49: ='3월 누계'!M49+'4월'!M49 | N49: =SUM(O49:U49) | O49: ='3월 누계'!O49+'4월'!O49 | P49: ='3월 누계'!P49+'4월'!P49 | Q49: ='3월 누계'!Q49+'4월'!Q49 | R49: ='3월 누계'!R49+'4월'!R49 | S49: ='3월 누계'!S49+'4월'!S49 | T49: ='3월 누계'!T49+'4월'!T49 | U49: ='3월 누계'!U49+'4월'!U49
C50: =D20 | D50: =G50+M50+N50 | E50: =D50-C50 | F50: =IFERROR(D50/C50,0) | G50: =SUM(H50:L50) | H50: ='3월 누계'!H50+'4월'!H50 | I50: ='3월 누계'!I50+'4월'!I50 | J50: ='3월 누계'!J50+'4월'!J50 | K50: ='3월 누계'!K50+'4월'!K50 | L50: ='3월 누계'!L50+'4월'!L50 | M50: ='3월 누계'!M50+'4월'!M50 | N50: =SUM(O50:U50) | O50: ='3월 누계'!O50+'4월'!O50 | P50: ='3월 누계'!P50+'4월'!P50 | Q50: ='3월 누계'!Q50+'4월'!Q50 | R50: ='3월 누계'!R50+'4월'!R50 | S50: ='3월 누계'!S50+'4월'!S50 | T50: ='3월 누계'!T50+'4월'!T50 | U50: ='3월 누계'!U50+'4월'!U50
C51: =D21 | D51: =G51+M51+N51 | E51: =D51-C51 | F51: =IFERROR(D51/C51,0) | G51: =SUM(H51:L51) | H51: ='3월 누계'!H51+'4월'!H51 | I51: ='3월 누계'!I51+'4월'!I51 | J51: ='3월 누계'!J51+'4월'!J51 | K51: ='3월 누계'!K51+'4월'!K51 | L51: ='3월 누계'!L51+'4월'!L51 | M51: ='3월 누계'!M51+'4월'!M51 | N51: =SUM(O51:U51) | O51: ='3월 누계'!O51+'4월'!O51 | P51: ='3월 누계'!P51+'4월'!P51 | Q51: ='3월 누계'!Q51+'4월'!Q51 | R51: ='3월 누계'!R51+'4월'!R51 | S51: ='3월 누계'!S51+'4월'!S51 | T51: ='3월 누계'!T51+'4월'!T51 | U51: ='3월 누계'!U51+'4월'!U51
C52: =D22 | D52: =G52+M52+N52 | E52: =D52-C52 | F52: =IFERROR(D52/C52,0) | G52: =SUM(H52:L52) | H52: ='3월 누계'!H52+'4월'!H52 | I52: ='3월 누계'!I52+'4월'!I52 | J52: ='3월 누계'!J52+'4월'!J52 | K52: ='3월 누계'!K52+'4월'!K52 | L52: ='3월 누계'!L52+'4월'!L52 | M52: ='3월 누계'!M52+'4월'!M52 | N52: =SUM(O52:U52) | O52: ='3월 누계'!O52+'4월'!O52 | P52: ='3월 누계'!P52+'4월'!P52 | Q52: ='3월 누계'!Q52+'4월'!Q52 | R52: ='3월 누계'!R52+'4월'!R52 | S52: ='3월 누계'!S52+'4월'!S52 | T52: ='3월 누계'!T52+'4월'!T52 | U52: ='3월 누계'!U52+'4월'!U52
C53: =D23 | D53: =G53+M53+N53 | E53: =D53-C53 | F53: =IFERROR(D53/C53,0) | G53: =SUM(H53:L53) | H53: ='3월 누계'!H53+'4월'!H53 | I53: ='3월 누계'!I53+'4월'!I53 | J53: ='3월 누계'!J53+'4월'!J53 | K53: ='3월 누계'!K53+'4월'!K53 | L53: ='3월 누계'!L53+'4월'!L53 | M53: ='3월 누계'!M53+'4월'!M53 | N53: =SUM(O53:U53) | O53: ='3월 누계'!O53+'4월'!O53 | P53: ='3월 누계'!P53+'4월'!P53 | Q53: ='3월 누계'!Q53+'4월'!Q53 | R53: ='3월 누계'!R53+'4월'!R53 | S53: ='3월 누계'!S53+'4월'!S53 | T53: ='3월 누계'!T53+'4월'!T53 | U53: ='3월 누계'!U53+'4월'!U53
C54: =D24 | D54: =G54+M54+N54 | E54: =D54-C54 | F54: =IFERROR(D54/C54,0) | G54: =SUM(H54:L54) | H54: ='3월 누계'!H54+'4월'!H54 | I54: ='3월 누계'!I54+'4월'!I54 | J54: ='3월 누계'!J54+'4월'!J54 | K54: ='3월 누계'!K54+'4월'!K54 | L54: ='3월 누계'!L54+'4월'!L54 | M54: ='3월 누계'!M54+'4월'!M54 | N54: =SUM(O54:U54) | O54: ='3월 누계'!O54+'4월'!O54 | P54: ='3월 누계'!P54+'4월'!P54 | Q54: ='3월 누계'!Q54+'4월'!Q54 | R54: ='3월 누계'!R54+'4월'!R54 | S54: ='3월 누계'!S54+'4월'!S54 | T54: ='3월 누계'!T54+'4월'!T54 | U54: ='3월 누계'!U54+'4월'!U54
C55: =D25 | D55: =G55+M55+N55 | E55: =D55-C55 | F55: =IFERROR(D55/C55,0) | G55: =SUM(H55:L55) | H55: ='3월 누계'!H55+'4월'!H55 | I55: ='3월 누계'!I55+'4월'!I55 | J55: ='3월 누계'!J55+'4월'!J55 | K55: ='3월 누계'!K55+'4월'!K55 | L55: ='3월 누계'!L55+'4월'!L55 | M55: ='3월 누계'!M55+'4월'!M55 | N55: =SUM(O55:U55) | O55: ='3월 누계'!O55+'4월'!O55 | P55: ='3월 누계'!P55+'4월'!P55 | Q55: ='3월 누계'!Q55+'4월'!Q55 | R55: ='3월 누계'!R55+'4월'!R55 | S55: ='3월 누계'!S55+'4월'!S55 | T55: ='3월 누계'!T55+'4월'!T55 | U55: ='3월 누계'!U55+'4월'!U55
C56: =D26 | D56: =G56+M56+N56 | E56: =D56-C56 | F56: =IFERROR(D56/C56,0) | G56: =SUM(H56:L56) | H56: ='3월 누계'!H56+'4월'!H56 | I56: ='3월 누계'!I56+'4월'!I56 | J56: ='3월 누계'!J56+'4월'!J56 | K56: ='3월 누계'!K56+'4월'!K56 | L56: ='3월 누계'!L56+'4월'!L56 | M56: ='3월 누계'!M56+'4월'!M56 | N56: =SUM(O56:U56) | O56: ='3월 누계'!O56+'4월'!O56 | P56: ='3월 누계'!P56+'4월'!P56 | Q56: ='3월 누계'!Q56+'4월'!Q56 | R56: ='3월 누계'!R56+'4월'!R56 | S56: ='3월 누계'!S56+'4월'!S56 | T56: ='3월 누계'!T56+'4월'!T56 | U56: ='3월 누계'!U56+'4월'!U56
C57: =D27 | D57: =G57+M57+N57 | E57: =D57-C57 | F57: =IFERROR(D57/C57,0) | G57: =SUM(H57:L57) | H57: ='3월 누계'!H57+'4월'!H57 | I57: ='3월 누계'!I57+'4월'!I57 | J57: ='3월 누계'!J57+'4월'!J57 | K57: ='3월 누계'!K57+'4월'!K57 | L57: ='3월 누계'!L57+'4월'!L57 | M57: ='3월 누계'!M57+'4월'!M57 | N57: =SUM(O57:U57) | O57: ='3월 누계'!O57+'4월'!O57 | P57: ='3월 누계'!P57+'4월'!P57 | Q57: ='3월 누계'!Q57+'4월'!Q57 | R57: ='3월 누계'!R57+'4월'!R57 | S57: ='3월 누계'!S57+'4월'!S57 | T57: ='3월 누계'!T57+'4월'!T57 | U57: ='3월 누계'!U57+'4월'!U57
C58: =D28 | D58: =G58+M58+N58 | E58: =D58-C58 | F58: =IFERROR(D58/C58,0) | G58: =SUM(H58:L58) | H58: ='3월 누계'!H58+'4월'!H58 | I58: ='3월 누계'!I58+'4월'!I58 | J58: ='3월 누계'!J58+'4월'!J58 | K58: ='3월 누계'!K58+'4월'!K58 | L58: ='3월 누계'!L58+'4월'!L58 | M58: ='3월 누계'!M58+'4월'!M58 | N58: =SUM(O58:U58) | O58: ='3월 누계'!O58+'4월'!O58 | P58: ='3월 누계'!P58+'4월'!P58 | Q58: ='3월 누계'!Q58+'4월'!Q58 | R58: ='3월 누계'!R58+'4월'!R58 | S58: ='3월 누계'!S58+'4월'!S58 | T58: ='3월 누계'!T58+'4월'!T58 | U58: ='3월 누계'!U58+'4월'!U58
C59: =C36+C46 | D59: =D36+D46 | E59: =D59-C59 | F59: =IFERROR(D59/C59,"") | G59: =SUM(H59:L59) | H59: =H36+H46 | I59: =I36+I46 | J59: =J36+J46 | K59: =K36+K46 | L59: =L36+L46 | M59: =M36+M46 | N59: =N36+N46 | O59: =O36+O46 | ... U59: =U36+U46
D66: =G66+M66+N66 | G66: =SUM(H66:L66) | H66: =SUM(H67:H71) | I66: =SUM(I67:I71) | J66: =SUM(J67:J71) | K66: =SUM(K67:K71) | L66: =SUM(L67:L71) | M66: =SUM(M67:M71) | N66: =SUM(O66:U66) | O66: =SUM(O67:O71) | P66: =SUM(P67:P71) | Q66: =SUM(Q67:Q71) | R66: =SUM(R67:R71) | S66: =SUM(S67:S71) | T66: =SUM(T67:T71) | U66: =SUM(U67:U71)
D67: =G67+M67+N67 | G67: =SUM(H67:L67) | H67: =H37-H7 | I67: =I37-I7 | J67: =J37-J7 | K67: =K37-K7 | L67: =L37-L7 | M67: =M37-M7 | N67: =SUM(O67:U67) | O67: =O37-O7 | P67: =P37-P7 | Q67: =Q37-Q7 | R67: =R37-R7 | S67: =S37-S7 | T67: =T37-T7 | U67: =U37-U7
D68: =G68+M68+N68 | G68: =SUM(H68:L68) | H68: =H38-H8 | I68: =I38-I8 | J68: =J38-J8 | K68: =K38-K8 | L68: =L38-L8 | M68: =M38-M8 | N68: =SUM(O68:U68) | O68: =O38-O8 | P68: =P38-P8 | Q68: =Q38-Q8 | R68: =R38-R8 | S68: =S38-S8 | T68: =T38-T8 | U68: =U38-U8
D69: =G69+M69+N69 | G69: =SUM(H69:L69) | H69: =H39-H9 | I69: =I39-I9 | J69: =J39-J9 | K69: =K39-K9 | L69: =L39-L9 | M69: =M39-M9 | N69: =SUM(O69:U69) | O69: =O39-O9 | P69: =P39-P9 | Q69: =Q39-Q9 | R69: =R39-R9 | S69: =S39-S9 | T69: =T39-T9 | U69: =U39-U9
D70: =G70+M70+N70 | G70: =SUM(H70:L70) | H70: =H40-H10 | I70: =I40-I10 | J70: =J40-J10 | K70: =K40-K10 | L70: =L40-L10 | M70: =M40-M10 | N70: =SUM(O70:U70) | O70: =O40-O10 | P70: =P40-P10 | Q70: =Q40-Q10 | R70: =R40-R10 | S70: =S40-S10 | T70: =T40-T10 | U70: =U40-U10
D71: =G71+M71+N71 | G71: =SUM(H71:L71) | H71: =SUM(H72:H75) | I71: =SUM(I72:I75) | J71: =SUM(J72:J75) | K71: =SUM(K72:K75) | L71: =SUM(L72:L75) | M71: =SUM(M72:M75) | N71: =SUM(O71:U71) | O71: =SUM(O72:O75) | P71: =SUM(P72:P75) | Q71: =SUM(Q72:Q75) | R71: =SUM(R72:R75) | S71: =SUM(S72:S75) | T71: =SUM(T72:T75) | U71: =SUM(U72:U75)
D72: =G72+M72+N72 | G72: =SUM(H72:L72) | H72: =H42-H12 | I72: =I42-I12 | J72: =J42-J12 | K72: =K42-K12 | L72: =L42-L12 | M72: =M42-M12 | N72: =SUM(O72:U72) | O72: =O42-O12 | P72: =P42-P12 | Q72: =Q42-Q12 | R72: =R42-R12 | S72: =S42-S12 | T72: =T42-T12 | U72: =U42-U12
D73: =G73+M73+N73 | G73: =SUM(H73:L73) | H73: =H43-H13 | I73: =I43-I13 | J73: =J43-J13 | K73: =K43-K13 | L73: =L43-L13 | M73: =M43-M13 | N73: =SUM(O73:U73) | O73: =O43-O13 | P73: =P43-P13 | Q73: =Q43-Q13 | R73: =R43-R13 | S73: =S43-S13 | T73: =T43-T13 | U73: =U43-U13
D74: =G74+M74+N74 | G74: =SUM(H74:L74) | H74: =H44-H14 | I74: =I44-I14 | J74: =J44-J14 | K74: =K44-K14 | L74: =L44-L14 | M74: =M44-M14 | N74: =SUM(O74:U74) | O74: =O44-O14 | P74: =P44-P14 | Q74: =Q44-Q14 | R74: =R44-R14 | S74: =S44-S14 | T74: =T44-T14 | U74: =U44-U14
D75: =G75+M75+N75 | G75: =SUM(H75:L75) | H75: =H45-H15 | I75: =I45-I15 | J75: =J45-J15 | K75: =K45-K15 | L75: =L45-L15 | M75: =M45-M15 | N75: =SUM(O75:U75) | O75: =O45-O15 | P75: =P45-P15 | Q75: =Q45-Q15 | R75: =R45-R15 | S75: =S45-S15 | T75: =T45-T15 | U75: =U45-U15
D76: =G76+M76+N76 | G76: =SUM(H76:L76) | H76: =SUM(H77:H88) | I76: =SUM(I77:I88) | J76: =SUM(J77:J88) | K76: =SUM(K77:K88) | L76: =SUM(L77:L88) | M76: =SUM(M77:M88) | N76: =SUM(O76:U76) | O76: =SUM(O77:O88) | P76: =SUM(P77:P88) | Q76: =SUM(Q77:Q88) | R76: =SUM(R77:R88) | S76: =SUM(S77:S88) | T76: =SUM(T77:T88) | U76: =SUM(U77:U88)
D77: =G77+M77+N77 | G77: =SUM(H77:L77) | H77: =H47-H17 | I77: =I47-I17 | J77: =J47-J17 | K77: =K47-K17 | L77: =L47-L17 | M77: =M47-M17 | N77: =SUM(O77:U77) | O77: =O47-O17 | P77: =P47-P17 | Q77: =Q47-Q17 | R77: =R47-R17 | S77: =S47-S17 | T77: =T47-T17 | U77: =U47-U17
D78: =G78+M78+N78 | G78: =SUM(H78:L78) | H78: =H48-H18 | I78: =I48-I18 | J78: =J48-J18 | K78: =K48-K18 | L78: =L48-L18 | M78: =M48-M18 | N78: =SUM(O78:U78) | O78: =O48-O18 | P78: =P48-P18 | Q78: =Q48-Q18 | R78: =R48-R18 | S78: =S48-S18 | T78: =T48-T18 | U78: =U48-U18
D79: =G79+M79+N79 | G79: =SUM(H79:L79) | H79: =H49-H19 | I79: =I49-I19 | J79: =J49-J19 | K79: =K49-K19 | L79: =L49-L19 | M79: =M49-M19 | N79: =SUM(O79:U79) | O79: =O49-O19 | P79: =P49-P19 | Q79: =Q49-Q19 | R79: =R49-R19 | S79: =S49-S19 | T79: =T49-T19 | U79: =U49-U19
D80: =G80+M80+N80 | G80: =SUM(H80:L80) | H80: =H50-H20 | I80: =I50-I20 | J80: =J50-J20 | K80: =K50-K20 | L80: =L50-L20 | M80: =M50-M20 | N80: =SUM(O80:U80) | O80: =O50-O20 | P80: =P50-P20 | Q80: =Q50-Q20 | R80: =R50-R20 | S80: =S50-S20 | T80: =T50-T20 | U80: =U50-U20
D81: =G81+M81+N81 | G81: =SUM(H81:L81) | H81: =H51-H21 | I81: =I51-I21 | J81: =J51-J21 | K81: =K51-K21 | L81: =L51-L21 | M81: =M51-M21 | N81: =SUM(O81:U81) | O81: =O51-O21 | P81: =P51-P21 | Q81: =Q51-Q21 | R81: =R51-R21 | S81: =S51-S21 | T81: =T51-T21 | U81: =U51-U21
D82: =G82+M82+N82 | G82: =SUM(H82:L82) | H82: =H52-H22 | I82: =I52-I22 | J82: =J52-J22 | K82: =K52-K22 | L82: =L52-L22 | M82: =M52-M22 | N82: =SUM(O82:U82) | O82: =O52-O22 | P82: =P52-P22 | Q82: =Q52-Q22 | R82: =R52-R22 | S82: =S52-S22 | T82: =T52-T22 | U82: =U52-U22
D83: =G83+M83+N83 | G83: =SUM(H83:L83) | H83: =H53-H23 | I83: =I53-I23 | J83: =J53-J23 | K83: =K53-K23 | L83: =L53-L23 | M83: =M53-M23 | N83: =SUM(O83:U83) | O83: =O53-O23 | P83: =P53-P23 | Q83: =Q53-Q23 | R83: =R53-R23 | S83: =S53-S23 | T83: =T53-T23 | U83: =U53-U23
D84: =G84+M84+N84 | G84: =SUM(H84:L84) | H84: =H54-H24 | I84: =I54-I24 | J84: =J54-J24 | K84: =K54-K24 | L84: =L54-L24 | M84: =M54-M24 | N84: =SUM(O84:U84) | O84: =O54-O24 | P84: =P54-P24 | Q84: =Q54-Q24 | R84: =R54-R24 | S84: =S54-S24 | T84: =T54-T24 | U84: =U54-U24
D85: =G85+M85+N85 | G85: =SUM(H85:L85) | H85: =H55-H25 | I85: =I55-I25 | J85: =J55-J25 | K85: =K55-K25 | L85: =L55-L25 | M85: =M55-M25 | N85: =SUM(O85:U85) | O85: =O55-O25 | P85: =P55-P25 | Q85: =Q55-Q25 | R85: =R55-R25 | S85: =S55-S25 | T85: =T55-T25 | U85: =U55-U25
D86: =G86+M86+N86 | G86: =SUM(H86:L86) | H86: =H56-H26 | I86: =I56-I26 | J86: =J56-J26 | K86: =K56-K26 | L86: =L56-L26 | M86: =M56-M26 | N86: =SUM(O86:U86) | O86: =O56-O26 | P86: =P56-P26 | Q86: =Q56-Q26 | R86: =R56-R26 | S86: =S56-S26 | T86: =T56-T26 | U86: =U56-U26
D87: =G87+M87+N87 | G87: =SUM(H87:L87) | H87: =H57-H27 | I87: =I57-I27 | J87: =J57-J27 | K87: =K57-K27 | L87: =L57-L27 | M87: =M57-M27 | N87: =SUM(O87:U87) | O87: =O57-O27 | P87: =P57-P27 | Q87: =Q57-Q27 | R87: =R57-R27 | S87: =S57-S27 | T87: =T57-T27 | U87: =U57-U27
D88: =G88+M88+N88 | G88: =SUM(H88:L88) | H88: =H58-H28 | I88: =I58-I28 | J88: =J58-J28 | K88: =K58-K28 | L88: =L58-L28 | M88: =M58-M28 | N88: =SUM(O88:U88) | O88: =O58-O28 | P88: =P58-P28 | Q88: =Q58-Q28 | R88: =R58-R28 | S88: =S58-S28 | T88: =T58-T28 | U88: =U58-U28
D89: =G89+M89+N89 | G89: =SUM(H89:L89) | H89: =H66+H76 | I89: =I66+I76 | J89: =J66+J76 | K89: =K66+K76 | L89: =L66+L76 | M89: =M66+M76 | N89: =SUM(O89:U89) | O89: =O66+O76 | P89: =P66+P76 | Q89: =Q66+Q76 | R89: =R66+R76 | S89: =S66+S76 | T89: =T66+T76 | U89: =U66+U76

Sheet 5월
D6: =G6+M6+N6 | G6: =SUM(H6:L6) | H6: =SUM(H7:H11) | I6: =SUM(I7:I11) | J6: =SUM(J7:J11) | K6: =SUM(K7:K11) | L6: =SUM(L7:L11) | M6: =SUM(M7:M11) | N6: =SUM(O6:U6) | O6: =SUM(O7:O11) | P6: =SUM(P7:P11) | Q6: =SUM(Q7:Q11) | R6: =SUM(R7:R11) | S6: =SUM(S7:S11) | T6: =SUM(T7:T11) | U6: =SUM(U7:U11)
D7: =G7+M7+N7 | G7: =SUM(H7:L7) | N7: =SUM(O7:U7)
D8: =G8+M8+N8 | G8: =SUM(H8:L8) | N8: =SUM(O8:U8)
D9: =G9+M9+N9 | G9: =SUM(H9:L9) | N9: =SUM(O9:U9)
D10: =G10+M10+N10 | G10: =SUM(H10:L10) | N10: =SUM(O10:U10)
D11: =G11+M11+N11 | G11: =SUM(H11:L11) | H11: =SUM(H12:H15) | I11: =SUM(I12:I15) | J11: =SUM(J12:J15) | K11: =SUM(K12:K15) | L11: =SUM(L12:L15) | M11: =SUM(M12:M15) | N11: =SUM(O11:U11) | O11: =SUM(O12:O15) | P11: =SUM(P12:P15) | Q11: =SUM(Q12:Q15) | R11: =SUM(R12:R15) | S11: =SUM(S12:S15) | T11: =SUM(T12:T15) | U11: =SUM(U12:U15)
D12: =G12+M12+N12 | G12: =SUM(H12:L12) | N12: =SUM(O12:U12)
D13: =G13+M13+N13 | G13: =SUM(H13:L13) | N13: =SUM(O13:U13)
D14: =G14+M14+N14 | G14: =SUM(H14:L14) | N14: =SUM(O14:U14)
D15: =G15+M15+N15 | G15: =SUM(H15:L15) | N15: =SUM(O15:U15)
D16: =G16+M16+N16 | G16: =SUM(H16:L16) | H16: =SUM(H17:H28) | I16: =SUM(I17:I28) | J16: =SUM(J17:J28) | K16: =SUM(K17:K28) | L16: =SUM(L17:L28) | M16: =SUM(M17:M28) | N16: =SUM(O16:U16) | O16: =SUM(O17:O28) | P16: =SUM(P17:P28) | Q16: =SUM(Q17:Q28) | R16: =SUM(R17:R28) | S16: =SUM(S17:S28) | T16: =SUM(T17:T28) | U16: =SUM(U17:U28)
D17: =G17+M17+N17 | G17: =SUM(H17:L17) | N17: =SUM(O17:U17)
D18: =G18+M18+N18 | G18: =SUM(H18:L18) | N18: =SUM(O18:U18)
D19: =G19+M19+N19 | G19: =SUM(H19:L19) | N19: =SUM(O19:U19)
D20: =G20+M20+N20 | G20: =SUM(H20:L20) | N20: =SUM(O20:U20)
D21: =G21+M21+N21 | G21: =SUM(H21:L21) | N21: =SUM(O21:U21)
D22: =G22+M22+N22 | G22: =SUM(H22:L22) | N22: =SUM(O22:U22)
D23: =G23+M23+N23 | G23: =SUM(H23:L23) | N23: =SUM(O23:U23)
D24: =G24+M24+N24 | G24: =SUM(H24:L24) | N24: =SUM(O24:U24)
D25: =G25+M25+N25 | G25: =SUM(H25:L25) | N25: =SUM(O25:U25)
D26: =G26+M26+N26 | G26: =SUM(H26:L26) | N26: =SUM(O26:U26)
D27: =G27+M27+N27 | G27: =SUM(H27:L27) | N27: =SUM(O27:U27)
D28: =G28+M28+N28 | G28: =SUM(H28:L28) | N28: =SUM(O28:U28)
D29: =G29+M29+N29 | G29: =SUM(H29:L29) | H29: =H6+H16 | I29: =I6+I16 | J29: =J6+J16 | K29: =K6+K16 | L29: =L6+L16 | M29: =M6+M16 | N29: =SUM(O29:U29) | O29: =O6+O16 | P29: =P6+P16 | Q29: =Q6+Q16 | R29: =R6+R16 | S29: =S6+S16 | T29: =T6+T16 | U29: =U6+U16
C36: =D6 | D36: =G36+M36+N36 | E36: =D36-C36 | F36: =IFERROR(D36/C36,0) | G36: =SUM(H36:L36) | H36: =SUM(H37:H41) | I36: =SUM(I37:I41) | J36: =SUM(J37:J41) | K36: =SUM(K37:K41) | L36: =SUM(L37:L41) | M36: =SUM(M37:M41) | N36: =SUM(O36:U36) | O36: =SUM(O37:O41) | P36: =SUM(P37:P41) | Q36: =SUM(Q37:Q41) | R36: =SUM(R37:R41) | S36: =SUM(S37:S41) | T36: =SUM(T37:T41) | U36: =SUM(U37:U41)
C37: =D7 | D37: =G37+M37+N37 | E37: =D37-C37 | F37: =IFERROR(D37/C37,0) | G37: =SUM(H37:L37) | N37: =SUM(O37:U37)
C38: =D8 | D38: =G38+M38+N38 | E38: =D38-C38 | F38: =IFERROR(D38/C38,0) | G38: =SUM(H38:L38) | N38: =SUM(O38:U38)
C39: =D9 | D39: =G39+M39+N39 | E39: =D39-C39 | F39: =IFERROR(D39/C39,0) | G39: =SUM(H39:L39) | N39: =SUM(O39:U39)
C40: =D10 | D40: =G40+M40+N40 | E40: =D40-C40 | F40: =IFERROR(D40/C40,0) | G40: =SUM(H40:L40) | N40: =SUM(O40:U40)
C41: =D11 | D41: =G41+M41+N41 | E41: =D41-C41 | F41: =IFERROR(D41/C41,0) | G41: =SUM(H41:L41) | H41: =SUM(H42:H45) | I41: =SUM(I42:I45) | J41: =SUM(J42:J45) | K41: =SUM(K42:K45) | L41: =SUM(L42:L45) | M41: =SUM(M42:M45) | N41: =SUM(O41:U41) | O41: =SUM(O42:O45) | P41: =SUM(P42:P45) | Q41: =SUM(Q42:Q45) | R41: =SUM(R42:R45) | S41: =SUM(S42:S45) | T41: =SUM(T42:T45) | U41: =SUM(U42:U45)
C42: =D12 | D42: =G42+M42+N42 | E42: =D42-C42 | F42: =IFERROR(D42/C42,0) | G42: =SUM(H42:L42) | N42: =SUM(O42:U42)
C43: =D13 | D43: =G43+M43+N43 | E43: =D43-C43 | F43: =IFERROR(D43/C43,0) | G43: =SUM(H43:L43) | N43: =SUM(O43:U43)
C44: =D14 | D44: =G44+M44+N44 | E44: =D44-C44 | F44: =IFERROR(D44/C44,0) | G44: =SUM(H44:L44) | N44: =SUM(O44:U44)
C45: =D15 | D45: =G45+M45+N45 | E45: =D45-C45 | F45: =IFERROR(D45/C45,0) | G45: =SUM(H45:L45) | N45: =SUM(O45:U45)
C46: =D16 | D46: =G46+M46+N46 | E46: =D46-C46 | F46: =IFERROR(D46/C46,0) | G46: =SUM(H46:L46) | H46: =SUM(H47:H58) | I46: =SUM(I47:I58) | J46: =SUM(J47:J58) | K46: =SUM(K47:K58) | L46: =SUM(L47:L58) | M46: =SUM(M47:M58) | N46: =SUM(O46:U46) | O46: =SUM(O47:O58) | P46: =SUM(P47:P58) | Q46: =SUM(Q47:Q58) | R46: =SUM(R47:R58) | S46: =SUM(S47:S58) | T46: =SUM(T47:T58) | U46: =SUM(U47:U58)
C47: =D17 | D47: =G47+M47+N47 | E47: =D47-C47 | F47: =IFERROR(D47/C47,0) | G47: =SUM(H47:L47) | N47: =SUM(O47:U47)
C48: =D18 | D48: =G48+M48+N48 | E48: =D48-C48 | F48: =IFERROR(D48/C48,0) | G48: =SUM(H48:L48) | N48: =SUM(O48:U48)
C49: =D19 | D49: =G49+M49+N49 | E49: =D49-C49 | F49: =IFERROR(D49/C49,0) | G49: =SUM(H49:L49) | N49: =SUM(O49:U49)
C50: =D20 | D50: =G50+M50+N50 | E50: =D50-C50 | F50: =IFERROR(D50/C50,0) | G50: =SUM(H50:L50) | N50: =SUM(O50:U50)
C51: =D21 | D51: =G51+M51+N51 | E51: =D51-C51 | F51: =IFERROR(D51/C51,0) | G51: =SUM(H51:L51) | N51: =SUM(O51:U51)
C52: =D22 | D52: =G52+M52+N52 | E52: =D52-C52 | F52: =IFERROR(D52/C52,0) | G52: =SUM(H52:L52) | N52: =SUM(O52:U52)
C53: =D23 | D53: =G53+M53+N53 | E53: =D53-C53 | F53: =IFERROR(D53/C53,0) | G53: =SUM(H53:L53) | N53: =SUM(O53:U53)
C54: =D24 | D54: =G54+M54+N54 | E54: =D54-C54 | F54: =IFERROR(D54/C54,0) | G54: =SUM(H54:L54) | N54: =SUM(O54:U54)
C55: =D25 | D55: =G55+M55+N55 | E55: =D55-C55 | F55: =IFERROR(D55/C55,0) | G55: =SUM(H55:L55) | N55: =SUM(O55:U55)
C56: =D26 | D56: =G56+M56+N56 | E56: =D56-C56 | F56: =IFERROR(D56/C56,0) | G56: =SUM(H56:L56) | N56: =SUM(O56:U56)
C57: =D27 | D57: =G57+M57+N57 | E57: =D57-C57 | F57: =IFERROR(D57/C57,0) | G57: =SUM(H57:L57) | N57: =SUM(O57:U57)
C58: =D28 | D58: =G58+M58+N58 | E58: =D58-C58 | F58: =IFERROR(D58/C58,0) | G58: =SUM(H58:L58) | N58: =SUM(O58:U58)
C59: =C36+C46 | D59: =D36+D46 | E59: =D59-C59 | F59: =IFERROR(D59/C59,"") | G59: =SUM(H59:L59) | H59: =H36+H46 | I59: =I36+I46 | J59: =J36+J46 | K59: =K36+K46 | L59: =L36+L46 | M59: =M36+M46 | N59: =N36+N46 | O59: =O36+O46 | ... U59: =U36+U46
D66: =G66+M66+N66 | G66: =SUM(H66:L66) | H66: =SUM(H67:H71) | I66: =SUM(I67:I71) | J66: =SUM(J67:J71) | K66: =SUM(K67:K71) | L66: =SUM(L67:L71) | M66: =SUM(M67:M71) | N66: =SUM(O66:U66) | O66: =SUM(O67:O71) | P66: =SUM(P67:P71) | Q66: =SUM(Q67:Q71) | R66: =SUM(R67:R71) | S66: =SUM(S67:S71) | T66: =SUM(T67:T71) | U66: =SUM(U67:U71)
D67: =G67+M67+N67 | G67: =SUM(H67:L67) | H67: =H37-H7 | I67: =I37-I7 | J67: =J37-J7 | K67: =K37-K7 | L67: =L37-L7 | M67: =M37-M7 | N67: =SUM(O67:U67) | O67: =O37-O7 | P67: =P37-P7 | Q67: =Q37-Q7 | R67: =R37-R7 | S67: =S37-S7 | T67: =T37-T7 | U67: =U37-U7
D68: =G68+M68+N68 | G68: =SUM(H68:L68) | H68: =H38-H8 | I68: =I38-I8 | J68: =J38-J8 | K68: =K38-K8 | L68: =L38-L8 | M68: =M38-M8 | N68: =SUM(O68:U68) | O68: =O38-O8 | P68: =P38-P8 | Q68: =Q38-Q8 | R68: =R38-R8 | S68: =S38-S8 | T68: =T38-T8 | U68: =U38-U8
D69: =G69+M69+N69 | G69: =SUM(H69:L69) | H69: =H39-H9 | I69: =I39-I9 | J69: =J39-J9 | K69: =K39-K9 | L69: =L39-L9 | M69: =M39-M9 | N69: =SUM(O69:U69) | O69: =O39-O9 | P69: =P39-P9 | Q69: =Q39-Q9 | R69: =R39-R9 | S69: =S39-S9 | T69: =T39-T9 | U69: =U39-U9
D70: =G70+M70+N70 | G70: =SUM(H70:L70) | H70: =H40-H10 | I70: =I40-I10 | J70: =J40-J10 | K70: =K40-K10 | L70: =L40-L10 | M70: =M40-M10 | N70: =SUM(O70:U70) | O70: =O40-O10 | P70: =P40-P10 | Q70: =Q40-Q10 | R70: =R40-R10 | S70: =S40-S10 | T70: =T40-T10 | U70: =U40-U10
D71: =G71+M71+N71 | G71: =SUM(H71:L71) | H71: =SUM(H72:H75) | I71: =SUM(I72:I75) | J71: =SUM(J72:J75) | K71: =SUM(K72:K75) | L71: =SUM(L72:L75) | M71: =SUM(M72:M75) | N71: =SUM(O71:U71) | O71: =SUM(O72:O75) | P71: =SUM(P72:P75) | Q71: =SUM(Q72:Q75) | R71: =SUM(R72:R75) | S71: =SUM(S72:S75) | T71: =SUM(T72:T75) | U71: =SUM(U72:U75)
D72: =G72+M72+N72 | G72: =SUM(H72:L72) | H72: =H42-H12 | I72: =I42-I12 | J72: =J42-J12 | K72: =K42-K12 | L72: =L42-L12 | M72: =M42-M12 | N72: =SUM(O72:U72) | O72: =O42-O12 | P72: =P42-P12 | Q72: =Q42-Q12 | R72: =R42-R12 | S72: =S42-S12 | T72: =T42-T12 | U72: =U42-U12
D73: =G73+M73+N73 | G73: =SUM(H73:L73) | H73: =H43-H13 | I73: =I43-I13 | J73: =J43-J13 | K73: =K43-K13 | L73: =L43-L13 | M73: =M43-M13 | N73: =SUM(O73:U73) | O73: =O43-O13 | P73: =P43-P13 | Q73: =Q43-Q13 | R73: =R43-R13 | S73: =S43-S13 | T73: =T43-T13 | U73: =U43-U13
D74: =G74+M74+N74 | G74: =SUM(H74:L74) | H74: =H44-H14 | I74: =I44-I14 | J74: =J44-J14 | K74: =K44-K14 | L74: =L44-L14 | M74: =M44-M14 | N74: =SUM(O74:U74) | O74: =O44-O14 | P74: =P44-P14 | Q74: =Q44-Q14 | R74: =R44-R14 | S74: =S44-S14 | T74: =T44-T14 | U74: =U44-U14
D75: =G75+M75+N75 | G75: =SUM(H75:L75) | H75: =H45-H15 | I75: =I45-I15 | J75: =J45-J15 | K75: =K45-K15 | L75: =L45-L15 | M75: =M45-M15 | N75: =SUM(O75:U75) | O75: =O45-O15 | P75: =P45-P15 | Q75: =Q45-Q15 | R75: =R45-R15 | S75: =S45-S15 | T75: =T45-T15 | U75: =U45-U15
D76: =G76+M76+N76 | G76: =SUM(H76:L76) | H76: =SUM(H77:H88) | I76: =SUM(I77:I88) | J76: =SUM(J77:J88) | K76: =SUM(K77:K88) | L76: =SUM(L77:L88) | M76: =SUM(M77:M88) | N76: =SUM(O76:U76) | O76: =SUM(O77:O88) | P76: =SUM(P77:P88) | Q76: =SUM(Q77:Q88) | R76: =SUM(R77:R88) | S76: =SUM(S77:S88) | T76: =SUM(T77:T88) | U76: =SUM(U77:U88)
D77: =G77+M77+N77 | G77: =SUM(H77:L77) | H77: =H47-H17 | I77: =I47-I17 | J77: =J47-J17 | K77: =K47-K17 | L77: =L47-L17 | M77: =M47-M17 | N77: =SUM(O77:U77) | O77: =O47-O17 | P77: =P47-P17 | Q77: =Q47-Q17 | R77: =R47-R17 | S77: =S47-S17 | T77: =T47-T17 | U77: =U47-U17
D78: =G78+M78+N78 | G78: =SUM(H78:L78) | H78: =H48-H18 | I78: =I48-I18 | J78: =J48-J18 | K78: =K48-K18 | L78: =L48-L18 | M78: =M48-M18 | N78: =SUM(O78:U78) | O78: =O48-O18 | P78: =P48-P18 | Q78: =Q48-Q18 | R78: =R48-R18 | S78: =S48-S18 | T78: =T48-T18 | U78: =U48-U18
D79: =G79+M79+N79 | G79: =SUM(H79:L79) | H79: =H49-H19 | I79: =I49-I19 | J79: =J49-J19 | K79: =K49-K19 | L79: =L49-L19 | M79: =M49-M19 | N79: =SUM(O79:U79) | O79: =O49-O19 | P79: =P49-P19 | Q79: =Q49-Q19 | R79: =R49-R19 | S79: =S49-S19 | T79: =T49-T19 | U79: =U49-U19
D80: =G80+M80+N80 | G80: =SUM(H80:L80) | H80: =H50-H20 | I80: =I50-I20 | J80: =J50-J20 | K80: =K50-K20 | L80: =L50-L20 | M80: =M50-M20 | N80: =SUM(O80:U80) | O80: =O50-O20 | P80: =P50-P20 | Q80: =Q50-Q20 | R80: =R50-R20 | S80: =S50-S20 | T80: =T50-T20 | U80: =U50-U20
D81: =G81+M81+N81 | G81: =SUM(H81:L81) | H81: =H51-H21 | I81: =I51-I21 | J81: =J51-J21 | K81: =K51-K21 | L81: =L51-L21 | M81: =M51-M21 | N81: =SUM(O81:U81) | O81: =O51-O21 | P81: =P51-P21 | Q81: =Q51-Q21 | R81: =R51-R21 | S81: =S51-S21 | T81: =T51-T21 | U81: =U51-U21
D82: =G82+M82+N82 | G82: =SUM(H82:L82) | H82: =H52-H22 | I82: =I52-I22 | J82: =J52-J22 | K82: =K52-K22 | L82: =L52-L22 | M82: =M52-M22 | N82: =SUM(O82:U82) | O82: =O52-O22 | P82: =P52-P22 | Q82: =Q52-Q22 | R82: =R52-R22 | S82: =S52-S22 | T82: =T52-T22 | U82: =U52-U22
D83: =G83+M83+N83 | G83: =SUM(H83:L83) | H83: =H53-H23 | I83: =I53-I23 | J83: =J53-J23 | K83: =K53-K23 | L83: =L53-L23 | M83: =M53-M23 | N83: =SUM(O83:U83) | O83: =O53-O23 | P83: =P53-P23 | Q83: =Q53-Q23 | R83: =R53-R23 | S83: =S53-S23 | T83: =T53-T23 | U83: =U53-U23
D84: =G84+M84+N84 | G84: =SUM(H84:L84) | H84: =H54-H24 | I84: =I54-I24 | J84: =J54-J24 | K84: =K54-K24 | L84: =L54-L24 | M84: =M54-M24 | N84: =SUM(O84:U84) | O84: =O54-O24 | P84: =P54-P24 | Q84: =Q54-Q24 | R84: =R54-R24 | S84: =S54-S24 | T84: =T54-T24 | U84: =U54-U24
D85: =G85+M85+N85 | G85: =SUM(H85:L85) | H85: =H55-H25 | I85: =I55-I25 | J85: =J55-J25 | K85: =K55-K25 | L85: =L55-L25 | M85: =M55-M25 | N85: =SUM(O85:U85) | O85: =O55-O25 | P85: =P55-P25 | Q85: =Q55-Q25 | R85: =R55-R25 | S85: =S55-S25 | T85: =T55-T25 | U85: =U55-U25
D86: =G86+M86+N86 | G86: =SUM(H86:L86) | H86: =H56-H26 | I86: =I56-I26 | J86: =J56-J26 | K86: =K56-K26 | L86: =L56-L26 | M86: =M56-M26 | N86: =SUM(O86:U86) | O86: =O56-O26 | P86: =P56-P26 | Q86: =Q56-Q26 | R86: =R56-R26 | S86: =S56-S26 | T86: =T56-T26 | U86: =U56-U26
D87: =G87+M87+N87 | G87: =SUM(H87:L87) | H87: =H57-H27 | I87: =I57-I27 | J87: =J57-J27 | K87: =K57-K27 | L87: =L57-L27 | M87: =M57-M27 | N87: =SUM(O87:U87) | O87: =O57-O27 | P87: =P57-P27 | Q87: =Q57-Q27 | R87: =R57-R27 | S87: =S57-S27 | T87: =T57-T27 | U87: =U57-U27
D88: =G88+M88+N88 | G88: =SUM(H88:L88) | H88: =H58-H28 | I88: =I58-I28 | J88: =J58-J28 | K88: =K58-K28 | L88: =L58-L28 | M88: =M58-M28 | N88: =SUM(O88:U88) | O88: =O58-O28 | P88: =P58-P28 | Q88: =Q58-Q28 | R88: =R58-R28 | S88: =S58-S28 | T88: =T58-T28 | U88: =U58-U28
D89: =G89+M89+N89 | G89: =SUM(H89:L89) | H89: =H66+H76 | I89: =I66+I76 | J89: =J66+J76 | K89: =K66+K76 | L89: =L66+L76 | M89: =M66+M76 | N89: =SUM(O89:U89) | O89: =O66+O76 | P89: =P66+P76 | Q89: =Q66+Q76 | R89: =R66+R76 | S89: =S66+S76 | T89: =T66+T76 | U89: =U66+U76

Sheet 5월 누계
D6: =G6+M6+N6 | G6: =SUM(H6:L6) | H6: =SUM(H7:H11) | I6: =SUM(I7:I11) | J6: =SUM(J7:J11) | K6: =SUM(K7:K11) | L6: =SUM(L7:L11) | M6: =SUM(M7:M11) | N6: =SUM(O6:U6) | O6: =SUM(O7:O11) | P6: =SUM(P7:P11) | Q6: =SUM(Q7:Q11) | R6: =SUM(R7:R11) | S6: =SUM(S7:S11) | T6: =SUM(T7:T11) | U6: =SUM(U7:U11)
D7: =G7+M7+N7 | G7: =SUM(H7:L7) | H7: ='4월 누계'!H7+'5월'!H7 | I7: ='4월 누계'!I7+'5월'!I7 | J7: ='4월 누계'!J7+'5월'!J7 | K7: ='4월 누계'!K7+'5월'!K7 | L7: ='4월 누계'!L7+'5월'!L7 | M7: ='4월 누계'!M7+'5월'!M7 | N7: =SUM(O7:U7) | O7: ='4월 누계'!O7+'5월'!O7 | P7: ='4월 누계'!P7+'5월'!P7 | Q7: ='4월 누계'!Q7+'5월'!Q7 | R7: ='4월 누계'!R7+'5월'!R7 | S7: ='4월 누계'!S7+'5월'!S7 | T7: ='4월 누계'!T7+'5월'!T7 | U7: ='4월 누계'!U7+'5월'!U7
D8: =G8+M8+N8 | G8: =SUM(H8:L8) | H8: ='4월 누계'!H8+'5월'!H8 | I8: ='4월 누계'!I8+'5월'!I8 | J8: ='4월 누계'!J8+'5월'!J8 | K8: ='4월 누계'!K8+'5월'!K8 | L8: ='4월 누계'!L8+'5월'!L8 | M8: ='4월 누계'!M8+'5월'!M8 | N8: =SUM(O8:U8) | O8: ='4월 누계'!O8+'5월'!O8 | P8: ='4월 누계'!P8+'5월'!P8 | Q8: ='4월 누계'!Q8+'5월'!Q8 | R8: ='4월 누계'!R8+'5월'!R8 | S8: ='4월 누계'!S8+'5월'!S8 | T8: ='4월 누계'!T8+'5월'!T8 | U8: ='4월 누계'!U8+'5월'!U8
D9: =G9+M9+N9 | G9: =SUM(H9:L9) | H9: ='4월 누계'!H9+'5월'!H9 | I9: ='4월 누계'!I9+'5월'!I9 | J9: ='4월 누계'!J9+'5월'!J9 | K9: ='4월 누계'!K9+'5월'!K9 | L9: ='4월 누계'!L9+'5월'!L9 | M9: ='4월 누계'!M9+'5월'!M9 | N9: =SUM(O9:U9) | O9: ='4월 누계'!O9+'5월'!O9 | P9: ='4월 누계'!P9+'5월'!P9 | Q9: ='4월 누계'!Q9+'5월'!Q9 | R9: ='4월 누계'!R9+'5월'!R9 | S9: ='4월 누계'!S9+'5월'!S9 | T9: ='4월 누계'!T9+'5월'!T9 | U9: ='4월 누계'!U9+'5월'!U9
D10: =G10+M10+N10 | G10: =SUM(H10:L10) | H10: ='4월 누계'!H10+'5월'!H10 | I10: ='4월 누계'!I10+'5월'!I10 | J10: ='4월 누계'!J10+'5월'!J10 | K10: ='4월 누계'!K10+'5월'!K10 | L10: ='4월 누계'!L10+'5월'!L10 | M10: ='4월 누계'!M10+'5월'!M10 | N10: =SUM(O10:U10) | O10: ='4월 누계'!O10+'5월'!O10 | P10: ='4월 누계'!P10+'5월'!P10 | Q10: ='4월 누계'!Q10+'5월'!Q10 | R10: ='4월 누계'!R10+'5월'!R10 | S10: ='4월 누계'!S10+'5월'!S10 | T10: ='4월 누계'!T10+'5월'!T10 | U10: ='4월 누계'!U10+'5월'!U10
D11: =G11+M11+N11 | G11: =SUM(H11:L11) | H11: =SUM(H12:H15) | I11: =SUM(I12:I15) | J11: =SUM(J12:J15) | K11: =SUM(K12:K15) | L11: =SUM(L12:L15) | M11: =SUM(M12:M15) | N11: =SUM(O11:U11) | O11: =SUM(O12:O15) | P11: =SUM(P12:P15) | Q11: =SUM(Q12:Q15) | R11: =SUM(R12:R15) | S11: =SUM(S12:S15) | T11: =SUM(T12:T15) | U11: =SUM(U12:U15)
D12: =G12+M12+N12 | G12: =SUM(H12:L12) | H12: ='4월 누계'!H12+'5월'!H12 | I12: ='4월 누계'!I12+'5월'!I12 | J12: ='4월 누계'!J12+'5월'!J12 | K12: ='4월 누계'!K12+'5월'!K12 | L12: ='4월 누계'!L12+'5월'!L12 | M12: ='4월 누계'!M12+'5월'!M12 | N12: =SUM(O12:U12) | O12: ='4월 누계'!O12+'5월'!O12 | P12: ='4월 누계'!P12+'5월'!P12 | Q12: ='4월 누계'!Q12+'5월'!Q12 | R12: ='4월 누계'!R12+'5월'!R12 | S12: ='4월 누계'!S12+'5월'!S12 | T12: ='4월 누계'!T12+'5월'!T12 | U12: ='4월 누계'!U12+'5월'!U12
D13: =G13+M13+N13 | G13: =SUM(H13:L13) | H13: ='4월 누계'!H13+'5월'!H13 | I13: ='4월 누계'!I13+'5월'!I13 | J13: ='4월 누계'!J13+'5월'!J13 | K13: ='4월 누계'!K13+'5월'!K13 | L13: ='4월 누계'!L13+'5월'!L13 | M13: ='4월 누계'!M13+'5월'!M13 | N13: =SUM(O13:U13) | O13: ='4월 누계'!O13+'5월'!O13 | P13: ='4월 누계'!P13+'5월'!P13 | Q13: ='4월 누계'!Q13+'5월'!Q13 | R13: ='4월 누계'!R13+'5월'!R13 | S13: ='4월 누계'!S13+'5월'!S13 | T13: ='4월 누계'!T13+'5월'!T13 | U13: ='4월 누계'!U13+'5월'!U13
D14: =G14+M14+N14 | G14: =SUM(H14:L14) | H14: ='4월 누계'!H14+'5월'!H14 | I14: ='4월 누계'!I14+'5월'!I14 | J14: ='4월 누계'!J14+'5월'!J14 | K14: ='4월 누계'!K14+'5월'!K14 | L14: ='4월 누계'!L14+'5월'!L14 | M14: ='4월 누계'!M14+'5월'!M14 | N14: =SUM(O14:U14) | O14: ='4월 누계'!O14+'5월'!O14 | P14: ='4월 누계'!P14+'5월'!P14 | Q14: ='4월 누계'!Q14+'5월'!Q14 | R14: ='4월 누계'!R14+'5월'!R14 | S14: ='4월 누계'!S14+'5월'!S14 | T14: ='4월 누계'!T14+'5월'!T14 | U14: ='4월 누계'!U14+'5월'!U14
D15: =G15+M15+N15 | G15: =SUM(H15:L15) | H15: ='4월 누계'!H15+'5월'!H15 | I15: ='4월 누계'!I15+'5월'!I15 | J15: ='4월 누계'!J15+'5월'!J15 | K15: ='4월 누계'!K15+'5월'!K15 | L15: ='4월 누계'!L15+'5월'!L15 | M15: ='4월 누계'!M15+'5월'!M15 | N15: =SUM(O15:U15) | O15: ='4월 누계'!O15+'5월'!O15 | P15: ='4월 누계'!P15+'5월'!P15 | Q15: ='4월 누계'!Q15+'5월'!Q15 | R15: ='4월 누계'!R15+'5월'!R15 | S15: ='4월 누계'!S15+'5월'!S15 | T15: ='4월 누계'!T15+'5월'!T15 | U15: ='4월 누계'!U15+'5월'!U15
D16: =G16+M16+N16 | G16: =SUM(H16:L16) | H16: =SUM(H17:H28) | I16: =SUM(I17:I28) | J16: =SUM(J17:J28) | K16: =SUM(K17:K28) | L16: =SUM(L17:L28) | M16: =SUM(M17:M28) | N16: =SUM(O16:U16) | O16: =SUM(O17:O28) | P16: =SUM(P17:P28) | Q16: =SUM(Q17:Q28) | R16: =SUM(R17:R28) | S16: =SUM(S17:S28) | T16: =SUM(T17:T28) | U16: =SUM(U17:U28)
D17: =G17+M17+N17 | G17: =SUM(H17:L17) | H17: ='4월 누계'!H17+'5월'!H17 | I17: ='4월 누계'!I17+'5월'!I17 | J17: ='4월 누계'!J17+'5월'!J17 | K17: ='4월 누계'!K17+'5월'!K17 | L17: ='4월 누계'!L17+'5월'!L17 | M17: ='4월 누계'!M17+'5월'!M17 | N17: =SUM(O17:U17) | O17: ='4월 누계'!O17+'5월'!O17 | P17: ='4월 누계'!P17+'5월'!P17 | Q17: ='4월 누계'!Q17+'5월'!Q17 | R17: ='4월 누계'!R17+'5월'!R17 | S17: ='4월 누계'!S17+'5월'!S17 | T17: ='4월 누계'!T17+'5월'!T17 | U17: ='4월 누계'!U17+'5월'!U17
D18: =G18+M18+N18 | G18: =SUM(H18:L18) | H18: ='4월 누계'!H18+'5월'!H18 | I18: ='4월 누계'!I18+'5월'!I18 | J18: ='4월 누계'!J18+'5월'!J18 | K18: ='4월 누계'!K18+'5월'!K18 | L18: ='4월 누계'!L18+'5월'!L18 | M18: ='4월 누계'!M18+'5월'!M18 | N18: =SUM(O18:U18) | O18: ='4월 누계'!O18+'5월'!O18 | P18: ='4월 누계'!P18+'5월'!P18 | Q18: ='4월 누계'!Q18+'5월'!Q18 | R18: ='4월 누계'!R18+'5월'!R18 | S18: ='4월 누계'!S18+'5월'!S18 | T18: ='4월 누계'!T18+'5월'!T18 | U18: ='4월 누계'!U18+'5월'!U18
D19: =G19+M19+N19 | G19: =SUM(H19:L19) | H19: ='4월 누계'!H19+'5월'!H19 | I19: ='4월 누계'!I19+'5월'!I19 | J19: ='4월 누계'!J19+'5월'!J19 | K19: ='4월 누계'!K19+'5월'!K19 | L19: ='4월 누계'!L19+'5월'!L19 | M19: ='4월 누계'!M19+'5월'!M19 | N19: =SUM(O19:U19) | O19: ='4월 누계'!O19+'5월'!O19 | P19: ='4월 누계'!P19+'5월'!P19 | Q19: ='4월 누계'!Q19+'5월'!Q19 | R19: ='4월 누계'!R19+'5월'!R19 | S19: ='4월 누계'!S19+'5월'!S19 | T19: ='4월 누계'!T19+'5월'!T19 | U19: ='4월 누계'!U19+'5월'!U19
D20: =G20+M20+N20 | G20: =SUM(H20:L20) | H20: ='4월 누계'!H20+'5월'!H20 | I20: ='4월 누계'!I20+'5월'!I20 | J20: ='4월 누계'!J20+'5월'!J20 | K20: ='4월 누계'!K20+'5월'!K20 | L20: ='4월 누계'!L20+'5월'!L20 | M20: ='4월 누계'!M20+'5월'!M20 | N20: =SUM(O20:U20) | O20: ='4월 누계'!O20+'5월'!O20 | P20: ='4월 누계'!P20+'5월'!P20 | Q20: ='4월 누계'!Q20+'5월'!Q20 | R20: ='4월 누계'!R20+'5월'!R20 | S20: ='4월 누계'!S20+'5월'!S20 | T20: ='4월 누계'!T20+'5월'!T20 | U20: ='4월 누계'!U20+'5월'!U20
D21: =G21+M21+N21 | G21: =SUM(H21:L21) | H21: ='4월 누계'!H21+'5월'!H21 | I21: ='4월 누계'!I21+'5월'!I21 | J21: ='4월 누계'!J21+'5월'!J21 | K21: ='4월 누계'!K21+'5월'!K21 | L21: ='4월 누계'!L21+'5월'!L21 | M21: ='4월 누계'!M21+'5월'!M21 | N21: =SUM(O21:U21) | O21: ='4월 누계'!O21+'5월'!O21 | P21: ='4월 누계'!P21+'5월'!P21 | Q21: ='4월 누계'!Q21+'5월'!Q21 | R21: ='4월 누계'!R21+'5월'!R21 | S21: ='4월 누계'!S21+'5월'!S21 | T21: ='4월 누계'!T21+'5월'!T21 | U21: ='4월 누계'!U21+'5월'!U21
D22: =G22+M22+N22 | G22: =SUM(H22:L22) | H22: ='4월 누계'!H22+'5월'!H22 | I22: ='4월 누계'!I22+'5월'!I22 | J22: ='4월 누계'!J22+'5월'!J22 | K22: ='4월 누계'!K22+'5월'!K22 | L22: ='4월 누계'!L22+'5월'!L22 | M22: ='4월 누계'!M22+'5월'!M22 | N22: =SUM(O22:U22) | O22: ='4월 누계'!O22+'5월'!O22 | P22: ='4월 누계'!P22+'5월'!P22 | Q22: ='4월 누계'!Q22+'5월'!Q22 | R22: ='4월 누계'!R22+'5월'!R22 | S22: ='4월 누계'!S22+'5월'!S22 | T22: ='4월 누계'!T22+'5월'!T22 | U22: ='4월 누계'!U22+'5월'!U22
D23: =G23+M23+N23 | G23: =SUM(H23:L23) | H23: ='4월 누계'!H23+'5월'!H23 | I23: ='4월 누계'!I23+'5월'!I23 | J23: ='4월 누계'!J23+'5월'!J23 | K23: ='4월 누계'!K23+'5월'!K23 | L23: ='4월 누계'!L23+'5월'!L23 | M23: ='4월 누계'!M23+'5월'!M23 | N23: =SUM(O23:U23) | O23: ='4월 누계'!O23+'5월'!O23 | P23: ='4월 누계'!P23+'5월'!P23 | Q23: ='4월 누계'!Q23+'5월'!Q23 | R23: ='4월 누계'!R23+'5월'!R23 | S23: ='4월 누계'!S23+'5월'!S23 | T23: ='4월 누계'!T23+'5월'!T23 | U23: ='4월 누계'!U23+'5월'!U23
D24: =G24+M24+N24 | G24: =SUM(H24:L24) | H24: ='4월 누계'!H24+'5월'!H24 | I24: ='4월 누계'!I24+'5월'!I24 | J24: ='4월 누계'!J24+'5월'!J24 | K24: ='4월 누계'!K24+'5월'!K24 | L24: ='4월 누계'!L24+'5월'!L24 | M24: ='4월 누계'!M24+'5월'!M24 | N24: =SUM(O24:U24) | O24: ='4월 누계'!O24+'5월'!O24 | P24: ='4월 누계'!P24+'5월'!P24 | Q24: ='4월 누계'!Q24+'5월'!Q24 | R24: ='4월 누계'!R24+'5월'!R24 | S24: ='4월 누계'!S24+'5월'!S24 | T24: ='4월 누계'!T24+'5월'!T24 | U24: ='4월 누계'!U24+'5월'!U24
D25: =G25+M25+N25 | G25: =SUM(H25:L25) | H25: ='4월 누계'!H25+'5월'!H25 | I25: ='4월 누계'!I25+'5월'!I25 | J25: ='4월 누계'!J25+'5월'!J25 | K25: ='4월 누계'!K25+'5월'!K25 | L25: ='4월 누계'!L25+'5월'!L25 | M25: ='4월 누계'!M25+'5월'!M25 | N25: =SUM(O25:U25) | O25: ='4월 누계'!O25+'5월'!O25 | P25: ='4월 누계'!P25+'5월'!P25 | Q25: ='4월 누계'!Q25+'5월'!Q25 | R25: ='4월 누계'!R25+'5월'!R25 | S25: ='4월 누계'!S25+'5월'!S25 | T25: ='4월 누계'!T25+'5월'!T25 | U25: ='4월 누계'!U25+'5월'!U25
D26: =G26+M26+N26 | G26: =SUM(H26:L26) | H26: ='4월 누계'!H26+'5월'!H26 | I26: ='4월 누계'!I26+'5월'!I26 | J26: ='4월 누계'!J26+'5월'!J26 | K26: ='4월 누계'!K26+'5월'!K26 | L26: ='4월 누계'!L26+'5월'!L26 | M26: ='4월 누계'!M26+'5월'!M26 | N26: =SUM(O26:U26) | O26: ='4월 누계'!O26+'5월'!O26 | P26: ='4월 누계'!P26+'5월'!P26 | Q26: ='4월 누계'!Q26+'5월'!Q26 | R26: ='4월 누계'!R26+'5월'!R26 | S26: ='4월 누계'!S26+'5월'!S26 | T26: ='4월 누계'!T26+'5월'!T26 | U26: ='4월 누계'!U26+'5월'!U26
D27: =G27+M27+N27 | G27: =SUM(H27:L27) | H27: ='4월 누계'!H27+'5월'!H27 | I27: ='4월 누계'!I27+'5월'!I27 | J27: ='4월 누계'!J27+'5월'!J27 | K27: ='4월 누계'!K27+'5월'!K27 | L27: ='4월 누계'!L27+'5월'!L27 | M27: ='4월 누계'!M27+'5월'!M27 | N27: =SUM(O27:U27) | O27: ='4월 누계'!O27+'5월'!O27 | P27: ='4월 누계'!P27+'5월'!P27 | Q27: ='4월 누계'!Q27+'5월'!Q27 | R27: ='4월 누계'!R27+'5월'!R27 | S27: ='4월 누계'!S27+'5월'!S27 | T27: ='4월 누계'!T27+'5월'!T27 | U27: ='4월 누계'!U27+'5월'!U27
D28: =G28+M28+N28 | G28: =SUM(H28:L28) | H28: ='4월 누계'!H28+'5월'!H28 | I28: ='4월 누계'!I28+'5월'!I28 | J28: ='4월 누계'!J28+'5월'!J28 | K28: ='4월 누계'!K28+'5월'!K28 | L28: ='4월 누계'!L28+'5월'!L28 | M28: ='4월 누계'!M28+'5월'!M28 | N28: =SUM(O28:U28) | O28: ='4월 누계'!O28+'5월'!O28 | P28: ='4월 누계'!P28+'5월'!P28 | Q28: ='4월 누계'!Q28+'5월'!Q28 | R28: ='4월 누계'!R28+'5월'!R28 | S28: ='4월 누계'!S28+'5월'!S28 | T28: ='4월 누계'!T28+'5월'!T28 | U28: ='4월 누계'!U28+'5월'!U28
D29: =G29+M29+N29 | G29: =SUM(H29:L29) | H29: =H6+H16 | I29: =I6+I16 | J29: =J6+J16 | K29: =K6+K16 | L29: =L6+L16 | M29: =M6+M16 | N29: =SUM(O29:U29) | O29: =O6+O16 | P29: =P6+P16 | Q29: =Q6+Q16 | R29: =R6+R16 | S29: =S6+S16 | T29: =T6+T16 | U29: =U6+U16
C36: =D6 | D36: =G36+M36+N36 | E36: =D36-C36 | F36: =IFERROR(D36/C36,0) | G36: =SUM(H36:L36) | H36: =SUM(H37:H41) | I36: =SUM(I37:I41) | J36: =SUM(J37:J41) | K36: =SUM(K37:K41) | L36: =SUM(L37:L41) | M36: =SUM(M37:M41) | N36: =SUM(O36:U36) | O36: =SUM(O37:O41) | P36: =SUM(P37:P41) | Q36: =SUM(Q37:Q41) | R36: =SUM(R37:R41) | S36: =SUM(S37:S41) | T36: =SUM(T37:T41) | U36: =SUM(U37:U41)
C37: =D7 | D37: =G37+M37+N37 | E37: =D37-C37 | F37: =IFERROR(D37/C37,0) | G37: =SUM(H37:L37) | H37: ='4월 누계'!H37+'5월'!H37 | I37: ='4월 누계'!I37+'5월'!I37 | J37: ='4월 누계'!J37+'5월'!J37 | K37: ='4월 누계'!K37+'5월'!K37 | L37: ='4월 누계'!L37+'5월'!L37 | M37: ='4월 누계'!M37+'5월'!M37 | N37: =SUM(O37:U37) | O37: ='4월 누계'!O37+'5월'!O37 | P37: ='4월 누계'!P37+'5월'!P37 | Q37: ='4월 누계'!Q37+'5월'!Q37 | R37: ='4월 누계'!R37+'5월'!R37 | S37: ='4월 누계'!S37+'5월'!S37 | T37: ='4월 누계'!T37+'5월'!T37 | U37: ='4월 누계'!U37+'5월'!U37
C38: =D8 | D38: =G38+M38+N38 | E38: =D38-C38 | F38: =IFERROR(D38/C38,0) | G38: =SUM(H38:L38) | H38: ='4월 누계'!H38+'5월'!H38 | I38: ='4월 누계'!I38+'5월'!I38 | J38: ='4월 누계'!J38+'5월'!J38 | K38: ='4월 누계'!K38+'5월'!K38 | L38: ='4월 누계'!L38+'5월'!L38 | M38: ='4월 누계'!M38+'5월'!M38 | N38: =SUM(O38:U38) | O38: ='4월 누계'!O38+'5월'!O38 | P38: ='4월 누계'!P38+'5월'!P38 | Q38: ='4월 누계'!Q38+'5월'!Q38 | R38: ='4월 누계'!R38+'5월'!R38 | S38: ='4월 누계'!S38+'5월'!S38 | T38: ='4월 누계'!T38+'5월'!T38 | U38: ='4월 누계'!U38+'5월'!U38
C39: =D9 | D39: =G39+M39+N39 | E39: =D39-C39 | F39: =IFERROR(D39/C39,0) | G39: =SUM(H39:L39) | H39: ='4월 누계'!H39+'5월'!H39 | I39: ='4월 누계'!I39+'5월'!I39 | J39: ='4월 누계'!J39+'5월'!J39 | K39: ='4월 누계'!K39+'5월'!K39 | L39: ='4월 누계'!L39+'5월'!L39 | M39: ='4월 누계'!M39+'5월'!M39 | N39: =SUM(O39:U39) | O39: ='4월 누계'!O39+'5월'!O39 | P39: ='4월 누계'!P39+'5월'!P39 | Q39: ='4월 누계'!Q39+'5월'!Q39 | R39: ='4월 누계'!R39+'5월'!R39 | S39: ='4월 누계'!S39+'5월'!S39 | T39: ='4월 누계'!T39+'5월'!T39 | U39: ='4월 누계'!U39+'5월'!U39
C40: =D10 | D40: =G40+M40+N40 | E40: =D40-C40 | F40: =IFERROR(D40/C40,0) | G40: =SUM(H40:L40) | H40: ='4월 누계'!H40+'5월'!H40 | I40: ='4월 누계'!I40+'5월'!I40 | J40: ='4월 누계'!J40+'5월'!J40 | K40: ='4월 누계'!K40+'5월'!K40 | L40: ='4월 누계'!L40+'5월'!L40 | M40: ='4월 누계'!M40+'5월'!M40 | N40: =SUM(O40:U40) | O40: ='4월 누계'!O40+'5월'!O40 | P40: ='4월 누계'!P40+'5월'!P40 | Q40: ='4월 누계'!Q40+'5월'!Q40 | R40: ='4월 누계'!R40+'5월'!R40 | S40: ='4월 누계'!S40+'5월'!S40 | T40: ='4월 누계'!T40+'5월'!T40 | U40: ='4월 누계'!U40+'5월'!U40
C41: =D11 | D41: =G41+M41+N41 | E41: =D41-C41 | F41: =IFERROR(D41/C41,0) | G41: =SUM(H41:L41) | H41: =SUM(H42:H45) | I41: =SUM(I42:I45) | J41: =SUM(J42:J45) | K41: =SUM(K42:K45) | L41: =SUM(L42:L45) | M41: =SUM(M42:M45) | N41: =SUM(O41:U41) | O41: =SUM(O42:O45) | P41: =SUM(P42:P45) | Q41: =SUM(Q42:Q45) | R41: =SUM(R42:R45) | S41: =SUM(S42:S45) | T41: =SUM(T42:T45) | U41: =SUM(U42:U45)
C42: =D12 | D42: =G42+M42+N42 | E42: =D42-C42 | F42: =IFERROR(D42/C42,0) | G42: =SUM(H42:L42) | H42: ='4월 누계'!H42+'5월'!H42 | I42: ='4월 누계'!I42+'5월'!I42 | J42: ='4월 누계'!J42+'5월'!J42 | K42: ='4월 누계'!K42+'5월'!K42 | L42: ='4월 누계'!L42+'5월'!L42 | M42: ='4월 누계'!M42+'5월'!M42 | N42: =SUM(O42:U42) | O42: ='4월 누계'!O42+'5월'!O42 | P42: ='4월 누계'!P42+'5월'!P42 | Q42: ='4월 누계'!Q42+'5월'!Q42 | R42: ='4월 누계'!R42+'5월'!R42 | S42: ='4월 누계'!S42+'5월'!S42 | T42: ='4월 누계'!T42+'5월'!T42 | U42: ='4월 누계'!U42+'5월'!U42
C43: =D13 | D43: =G43+M43+N43 | E43: =D43-C43 | F43: =IFERROR(D43/C43,0) | G43: =SUM(H43:L43) | H43: ='4월 누계'!H43+'5월'!H43 | I43: ='4월 누계'!I43+'5월'!I43 | J43: ='4월 누계'!J43+'5월'!J43 | K43: ='4월 누계'!K43+'5월'!K43 | L43: ='4월 누계'!L43+'5월'!L43 | M43: ='4월 누계'!M43+'5월'!M43 | N43: =SUM(O43:U43) | O43: ='4월 누계'!O43+'5월'!O43 | P43: ='4월 누계'!P43+'5월'!P43 | Q43: ='4월 누계'!Q43+'5월'!Q43 | R43: ='4월 누계'!R43+'5월'!R43 | S43: ='4월 누계'!S43+'5월'!S43 | T43: ='4월 누계'!T43+'5월'!T43 | U43: ='4월 누계'!U43+'5월'!U43
C44: =D14 | D44: =G44+M44+N44 | E44: =D44-C44 | F44: =IFERROR(D44/C44,0) | G44: =SUM(H44:L44) | H44: ='4월 누계'!H44+'5월'!H44 | I44: ='4월 누계'!I44+'5월'!I44 | J44: ='4월 누계'!J44+'5월'!J44 | K44: ='4월 누계'!K44+'5월'!K44 | L44: ='4월 누계'!L44+'5월'!L44 | M44: ='4월 누계'!M44+'5월'!M44 | N44: =SUM(O44:U44) | O44: ='4월 누계'!O44+'5월'!O44 | P44: ='4월 누계'!P44+'5월'!P44 | Q44: ='4월 누계'!Q44+'5월'!Q44 | R44: ='4월 누계'!R44+'5월'!R44 | S44: ='4월 누계'!S44+'5월'!S44 | T44: ='4월 누계'!T44+'5월'!T44 | U44: ='4월 누계'!U44+'5월'!U44
C45: =D15 | D45: =G45+M45+N45 | E45: =D45-C45 | F45: =IFERROR(D45/C45,0) | G45: =SUM(H45:L45) | H45: ='4월 누계'!H45+'5월'!H45 | I45: ='4월 누계'!I45+'5월'!I45 | J45: ='4월 누계'!J45+'5월'!J45 | K45: ='4월 누계'!K45+'5월'!K45 | L45: ='4월 누계'!L45+'5월'!L45 | M45: ='4월 누계'!M45+'5월'!M45 | N45: =SUM(O45:U45) | O45: ='4월 누계'!O45+'5월'!O45 | P45: ='4월 누계'!P45+'5월'!P45 | Q45: ='4월 누계'!Q45+'5월'!Q45 | R45: ='4월 누계'!R45+'5월'!R45 | S45: ='4월 누계'!S45+'5월'!S45 | T45: ='4월 누계'!T45+'5월'!T45 | U45: ='4월 누계'!U45+'5월'!U45
C46: =D16 | D46: =G46+M46+N46 | E46: =D46-C46 | F46: =IFERROR(D46/C46,0) | G46: =SUM(H46:L46) | H46: =SUM(H47:H58) | I46: =SUM(I47:I58) | J46: =SUM(J47:J58) | K46: =SUM(K47:K58) | L46: =SUM(L47:L58) | M46: =SUM(M47:M58) | N46: =SUM(O46:U46) | O46: =SUM(O47:O58) | P46: =SUM(P47:P58) | Q46: =SUM(Q47:Q58) | R46: =SUM(R47:R58) | S46: =SUM(S47:S58) | T46: =SUM(T47:T58) | U46: =SUM(U47:U58)
C47: =D17 | D47: =G47+M47+N47 | E47: =D47-C47 | F47: =IFERROR(D47/C47,0) | G47: =SUM(H47:L47) | H47: ='4월 누계'!H47+'5월'!H47 | I47: ='4월 누계'!I47+'5월'!I47 | J47: ='4월 누계'!J47+'5월'!J47 | K47: ='4월 누계'!K47+'5월'!K47 | L47: ='4월 누계'!L47+'5월'!L47 | M47: ='4월 누계'!M47+'5월'!M47 | N47: =SUM(O47:U47) | O47: ='4월 누계'!O47+'5월'!O47 | P47: ='4월 누계'!P47+'5월'!P47 | Q47: ='4월 누계'!Q47+'5월'!Q47 | R47: ='4월 누계'!R47+'5월'!R47 | S47: ='4월 누계'!S47+'5월'!S47 | T47: ='4월 누계'!T47+'5월'!T47 | U47: ='4월 누계'!U47+'5월'!U47
C48: =D18 | D48: =G48+M48+N48 | E48: =D48-C48 | F48: =IFERROR(D48/C48,0) | G48: =SUM(H48:L48) | H48: ='4월 누계'!H48+'5월'!H48 | I48: ='4월 누계'!I48+'5월'!I48 | J48: ='4월 누계'!J48+'5월'!J48 | K48: ='4월 누계'!K48+'5월'!K48 | L48: ='4월 누계'!L48+'5월'!L48 | M48: ='4월 누계'!M48+'5월'!M48 | N48: =SUM(O48:U48) | O48: ='4월 누계'!O48+'5월'!O48 | P48: ='4월 누계'!P48+'5월'!P48 | Q48: ='4월 누계'!Q48+'5월'!Q48 | R48: ='4월 누계'!R48+'5월'!R48 | S48: ='4월 누계'!S48+'5월'!S48 | T48: ='4월 누계'!T48+'5월'!T48 | U48: ='4월 누계'!U48+'5월'!U48
C49: =D19 | D49: =G49+M49+N49 | E49: =D49-C49 | F49: =IFERROR(D49/C49,0) | G49: =SUM(H49:L49) | H49: ='4월 누계'!H49+'5월'!H49 | I49: ='4월 누계'!I49+'5월'!I49 | J49: ='4월 누계'!J49+'5월'!J49 | K49: ='4월 누계'!K49+'5월'!K49 | L49: ='4월 누계'!L49+'5월'!L49 | M49: ='4월 누계'!M49+'5월'!M49 | N49: =SUM(O49:U49) | O49: ='4월 누계'!O49+'5월'!O49 | P49: ='4월 누계'!P49+'5월'!P49 | Q49: ='4월 누계'!Q49+'5월'!Q49 | R49: ='4월 누계'!R49+'5월'!R49 | S49: ='4월 누계'!S49+'5월'!S49 | T49: ='4월 누계'!T49+'5월'!T49 | U49: ='4월 누계'!U49+'5월'!U49
C50: =D20 | D50: =G50+M50+N50 | E50: =D50-C50 | F50: =IFERROR(D50/C50,0) | G50: =SUM(H50:L50) | H50: ='4월 누계'!H50+'5월'!H50 | I50: ='4월 누계'!I50+'5월'!I50 | J50: ='4월 누계'!J50+'5월'!J50 | K50: ='4월 누계'!K50+'5월'!K50 | L50: ='4월 누계'!L50+'5월'!L50 | M50: ='4월 누계'!M50+'5월'!M50 | N50: =SUM(O50:U50) | O50: ='4월 누계'!O50+'5월'!O50 | P50: ='4월 누계'!P50+'5월'!P50 | Q50: ='4월 누계'!Q50+'5월'!Q50 | R50: ='4월 누계'!R50+'5월'!R50 | S50: ='4월 누계'!S50+'5월'!S50 | T50: ='4월 누계'!T50+'5월'!T50 | U50: ='4월 누계'!U50+'5월'!U50
C51: =D21 | D51: =G51+M51+N51 | E51: =D51-C51 | F51: =IFERROR(D51/C51,0) | G51: =SUM(H51:L51) | H51: ='4월 누계'!H51+'5월'!H51 | I51: ='4월 누계'!I51+'5월'!I51 | J51: ='4월 누계'!J51+'5월'!J51 | K51: ='4월 누계'!K51+'5월'!K51 | L51: ='4월 누계'!L51+'5월'!L51 | M51: ='4월 누계'!M51+'5월'!M51 | N51: =SUM(O51:U51) | O51: ='4월 누계'!O51+'5월'!O51 | P51: ='4월 누계'!P51+'5월'!P51 | Q51: ='4월 누계'!Q51+'5월'!Q51 | R51: ='4월 누계'!R51+'5월'!R51 | S51: ='4월 누계'!S51+'5월'!S51 | T51: ='4월 누계'!T51+'5월'!T51 | U51: ='4월 누계'!U51+'5월'!U51
C52: =D22 | D52: =G52+M52+N52 | E52: =D52-C52 | F52: =IFERROR(D52/C52,0) | G52: =SUM(H52:L52) | H52: ='4월 누계'!H52+'5월'!H52 | I52: ='4월 누계'!I52+'5월'!I52 | J52: ='4월 누계'!J52+'5월'!J52 | K52: ='4월 누계'!K52+'5월'!K52 | L52: ='4월 누계'!L52+'5월'!L52 | M52: ='4월 누계'!M52+'5월'!M52 | N52: =SUM(O52:U52) | O52: ='4월 누계'!O52+'5월'!O52 | P52: ='4월 누계'!P52+'5월'!P52 | Q52: ='4월 누계'!Q52+'5월'!Q52 | R52: ='4월 누계'!R52+'5월'!R52 | S52: ='4월 누계'!S52+'5월'!S52 | T52: ='4월 누계'!T52+'5월'!T52 | U52: ='4월 누계'!U52+'5월'!U52
C53: =D23 | D53: =G53+M53+N53 | E53: =D53-C53 | F53: =IFERROR(D53/C53,0) | G53: =SUM(H53:L53) | H53: ='4월 누계'!H53+'5월'!H53 | I53: ='4월 누계'!I53+'5월'!I53 | J53: ='4월 누계'!J53+'5월'!J53 | K53: ='4월 누계'!K53+'5월'!K53 | L53: ='4월 누계'!L53+'5월'!L53 | M53: ='4월 누계'!M53+'5월'!M53 | N53: =SUM(O53:U53) | O53: ='4월 누계'!O53+'5월'!O53 | P53: ='4월 누계'!P53+'5월'!P53 | Q53: ='4월 누계'!Q53+'5월'!Q53 | R53: ='4월 누계'!R53+'5월'!R53 | S53: ='4월 누계'!S53+'5월'!S53 | T53: ='4월 누계'!T53+'5월'!T53 | U53: ='4월 누계'!U53+'5월'!U53
C54: =D24 | D54: =G54+M54+N54 | E54: =D54-C54 | F54: =IFERROR(D54/C54,0) | G54: =SUM(H54:L54) | H54: ='4월 누계'!H54+'5월'!H54 | I54: ='4월 누계'!I54+'5월'!I54 | J54: ='4월 누계'!J54+'5월'!J54 | K54: ='4월 누계'!K54+'5월'!K54 | L54: ='4월 누계'!L54+'5월'!L54 | M54: ='4월 누계'!M54+'5월'!M54 | N54: =SUM(O54:U54) | O54: ='4월 누계'!O54+'5월'!O54 | P54: ='4월 누계'!P54+'5월'!P54 | Q54: ='4월 누계'!Q54+'5월'!Q54 | R54: ='4월 누계'!R54+'5월'!R54 | S54: ='4월 누계'!S54+'5월'!S54 | T54: ='4월 누계'!T54+'5월'!T54 | U54: ='4월 누계'!U54+'5월'!U54
C55: =D25 | D55: =G55+M55+N55 | E55: =D55-C55 | F55: =IFERROR(D55/C55,0) | G55: =SUM(H55:L55) | H55: ='4월 누계'!H55+'5월'!H55 | I55: ='4월 누계'!I55+'5월'!I55 | J55: ='4월 누계'!J55+'5월'!J55 | K55: ='4월 누계'!K55+'5월'!K55 | L55: ='4월 누계'!L55+'5월'!L55 | M55: ='4월 누계'!M55+'5월'!M55 | N55: =SUM(O55:U55) | O55: ='4월 누계'!O55+'5월'!O55 | P55: ='4월 누계'!P55+'5월'!P55 | Q55: ='4월 누계'!Q55+'5월'!Q55 | R55: ='4월 누계'!R55+'5월'!R55 | S55: ='4월 누계'!S55+'5월'!S55 | T55: ='4월 누계'!T55+'5월'!T55 | U55: ='4월 누계'!U55+'5월'!U55
C56: =D26 | D56: =G56+M56+N56 | E56: =D56-C56 | F56: =IFERROR(D56/C56,0) | G56: =SUM(H56:L56) | H56: ='4월 누계'!H56+'5월'!H56 | I56: ='4월 누계'!I56+'5월'!I56 | J56: ='4월 누계'!J56+'5월'!J56 | K56: ='4월 누계'!K56+'5월'!K56 | L56: ='4월 누계'!L56+'5월'!L56 | M56: ='4월 누계'!M56+'5월'!M56 | N56: =SUM(O56:U56) | O56: ='4월 누계'!O56+'5월'!O56 | P56: ='4월 누계'!P56+'5월'!P56 | Q56: ='4월 누계'!Q56+'5월'!Q56 | R56: ='4월 누계'!R56+'5월'!R56 | S56: ='4월 누계'!S56+'5월'!S56 | T56: ='4월 누계'!T56+'5월'!T56 | U56: ='4월 누계'!U56+'5월'!U56
C57: =D27 | D57: =G57+M57+N57 | E57: =D57-C57 | F57: =IFERROR(D57/C57,0) | G57: =SUM(H57:L57) | H57: ='4월 누계'!H57+'5월'!H57 | I57: ='4월 누계'!I57+'5월'!I57 | J57: ='4월 누계'!J57+'5월'!J57 | K57: ='4월 누계'!K57+'5월'!K57 | L57: ='4월 누계'!L57+'5월'!L57 | M57: ='4월 누계'!M57+'5월'!M57 | N57: =SUM(O57:U57) | O57: ='4월 누계'!O57+'5월'!O57 | P57: ='4월 누계'!P57+'5월'!P57 | Q57: ='4월 누계'!Q57+'5월'!Q57 | R57: ='4월 누계'!R57+'5월'!R57 | S57: ='4월 누계'!S57+'5월'!S57 | T57: ='4월 누계'!T57+'5월'!T57 | U57: ='4월 누계'!U57+'5월'!U57
C58: =D28 | D58: =G58+M58+N58 | E58: =D58-C58 | F58: =IFERROR(D58/C58,0) | G58: =SUM(H58:L58) | H58: ='4월 누계'!H58+'5월'!H58 | I58: ='4월 누계'!I58+'5월'!I58 | J58: ='4월 누계'!J58+'5월'!J58 | K58: ='4월 누계'!K58+'5월'!K58 | L58: ='4월 누계'!L58+'5월'!L58 | M58: ='4월 누계'!M58+'5월'!M58 | N58: =SUM(O58:U58) | O58: ='4월 누계'!O58+'5월'!O58 | P58: ='4월 누계'!P58+'5월'!P58 | Q58: ='4월 누계'!Q58+'5월'!Q58 | R58: ='4월 누계'!R58+'5월'!R58 | S58: ='4월 누계'!S58+'5월'!S58 | T58: ='4월 누계'!T58+'5월'!T58 | U58: ='4월 누계'!U58+'5월'!U58
C59: =C36+C46 | D59: =D36+D46 | E59: =D59-C59 | F59: =IFERROR(D59/C59,"") | G59: =SUM(H59:L59) | H59: =H36+H46 | I59: =I36+I46 | J59: =J36+J46 | K59: =K36+K46 | L59: =L36+L46 | M59: =M36+M46 | N59: =N36+N46 | O59: =O36+O46 | ... U59: =U36+U46
D66: =G66+M66+N66 | G66: =SUM(H66:L66) | H66: =SUM(H67:H71) | I66: =SUM(I67:I71) | J66: =SUM(J67:J71) | K66: =SUM(K67:K71) | L66: =SUM(L67:L71) | M66: =SUM(M67:M71) | N66: =SUM(O66:U66) | O66: =SUM(O67:O71) | P66: =SUM(P67:P71) | Q66: =SUM(Q67:Q71) | R66: =SUM(R67:R71) | S66: =SUM(S67:S71) | T66: =SUM(T67:T71) | U66: =SUM(U67:U71)
D67: =G67+M67+N67 | G67: =SUM(H67:L67) | H67: =H37-H7 | I67: =I37-I7 | J67: =J37-J7 | K67: =K37-K7 | L67: =L37-L7 | M67: =M37-M7 | N67: =SUM(O67:U67) | O67: =O37-O7 | P67: =P37-P7 | Q67: =Q37-Q7 | R67: =R37-R7 | S67: =S37-S7 | T67: =T37-T7 | U67: =U37-U7
D68: =G68+M68+N68 | G68: =SUM(H68:L68) | H68: =H38-H8 | I68: =I38-I8 | J68: =J38-J8 | K68: =K38-K8 | L68: =L38-L8 | M68: =M38-M8 | N68: =SUM(O68:U68) | O68: =O38-O8 | P68: =P38-P8 | Q68: =Q38-Q8 | R68: =R38-R8 | S68: =S38-S8 | T68: =T38-T8 | U68: =U38-U8
D69: =G69+M69+N69 | G69: =SUM(H69:L69) | H69: =H39-H9 | I69: =I39-I9 | J69: =J39-J9 | K69: =K39-K9 | L69: =L39-L9 | M69: =M39-M9 | N69: =SUM(O69:U69) | O69: =O39-O9 | P69: =P39-P9 | Q69: =Q39-Q9 | R69: =R39-R9 | S69: =S39-S9 | T69: =T39-T9 | U69: =U39-U9
D70: =G70+M70+N70 | G70: =SUM(H70:L70) | H70: =H40-H10 | I70: =I40-I10 | J70: =J40-J10 | K70: =K40-K10 | L70: =L40-L10 | M70: =M40-M10 | N70: =SUM(O70:U70) | O70: =O40-O10 | P70: =P40-P10 | Q70: =Q40-Q10 | R70: =R40-R10 | S70: =S40-S10 | T70: =T40-T10 | U70: =U40-U10
D71: =G71+M71+N71 | G71: =SUM(H71:L71) | H71: =SUM(H72:H75) | I71: =SUM(I72:I75) | J71: =SUM(J72:J75) | K71: =SUM(K72:K75) | L71: =SUM(L72:L75) | M71: =SUM(M72:M75) | N71: =SUM(O71:U71) | O71: =SUM(O72:O75) | P71: =SUM(P72:P75) | Q71: =SUM(Q72:Q75) | R71: =SUM(R72:R75) | S71: =SUM(S72:S75) | T71: =SUM(T72:T75) | U71: =SUM(U72:U75)
D72: =G72+M72+N72 | G72: =SUM(H72:L72) | H72: =H42-H12 | I72: =I42-I12 | J72: =J42-J12 | K72: =K42-K12 | L72: =L42-L12 | M72: =M42-M12 | N72: =SUM(O72:U72) | O72: =O42-O12 | P72: =P42-P12 | Q72: =Q42-Q12 | R72: =R42-R12 | S72: =S42-S12 | T72: =T42-T12 | U72: =U42-U12
D73: =G73+M73+N73 | G73: =SUM(H73:L73) | H73: =H43-H13 | I73: =I43-I13 | J73: =J43-J13 | K73: =K43-K13 | L73: =L43-L13 | M73: =M43-M13 | N73: =SUM(O73:U73) | O73: =O43-O13 | P73: =P43-P13 | Q73: =Q43-Q13 | R73: =R43-R13 | S73: =S43-S13 | T73: =T43-T13 | U73: =U43-U13
D74: =G74+M74+N74 | G74: =SUM(H74:L74) | H74: =H44-H14 | I74: =I44-I14 | J74: =J44-J14 | K74: =K44-K14 | L74: =L44-L14 | M74: =M44-M14 | N74: =SUM(O74:U74) | O74: =O44-O14 | P74: =P44-P14 | Q74: =Q44-Q14 | R74: =R44-R14 | S74: =S44-S14 | T74: =T44-T14 | U74: =U44-U14
D75: =G75+M75+N75 | G75: =SUM(H75:L75) | H75: =H45-H15 | I75: =I45-I15 | J75: =J45-J15 | K75: =K45-K15 | L75: =L45-L15 | M75: =M45-M15 | N75: =SUM(O75:U75) | O75: =O45-O15 | P75: =P45-P15 | Q75: =Q45-Q15 | R75: =R45-R15 | S75: =S45-S15 | T75: =T45-T15 | U75: =U45-U15
D76: =G76+M76+N76 | G76: =SUM(H76:L76) | H76: =SUM(H77:H88) | I76: =SUM(I77:I88) | J76: =SUM(J77:J88) | K76: =SUM(K77:K88) | L76: =SUM(L77:L88) | M76: =SUM(M77:M88) | N76: =SUM(O76:U76) | O76: =SUM(O77:O88) | P76: =SUM(P77:P88) | Q76: =SUM(Q77:Q88) | R76: =SUM(R77:R88) | S76: =SUM(S77:S88) | T76: =SUM(T77:T88) | U76: =SUM(U77:U88)
D77: =G77+M77+N77 | G77: =SUM(H77:L77) | H77: =H47-H17 | I77: =I47-I17 | J77: =J47-J17 | K77: =K47-K17 | L77: =L47-L17 | M77: =M47-M17 | N77: =SUM(O77:U77) | O77: =O47-O17 | P77: =P47-P17 | Q77: =Q47-Q17 | R77: =R47-R17 | S77: =S47-S17 | T77: =T47-T17 | U77: =U47-U17
D78: =G78+M78+N78 | G78: =SUM(H78:L78) | H78: =H48-H18 | I78: =I48-I18 | J78: =J48-J18 | K78: =K48-K18 | L78: =L48-L18 | M78: =M48-M18 | N78: =SUM(O78:U78) | O78: =O48-O18 | P78: =P48-P18 | Q78: =Q48-Q18 | R78: =R48-R18 | S78: =S48-S18 | T78: =T48-T18 | U78: =U48-U18
D79: =G79+M79+N79 | G79: =SUM(H79:L79) | H79: =H49-H19 | I79: =I49-I19 | J79: =J49-J19 | K79: =K49-K19 | L79: =L49-L19 | M79: =M49-M19 | N79: =SUM(O79:U79) | O79: =O49-O19 | P79: =P49-P19 | Q79: =Q49-Q19 | R79: =R49-R19 | S79: =S49-S19 | T79: =T49-T19 | U79: =U49-U19
D80: =G80+M80+N80 | G80: =SUM(H80:L80) | H80: =H50-H20 | I80: =I50-I20 | J80: =J50-J20 | K80: =K50-K20 | L80: =L50-L20 | M80: =M50-M20 | N80: =SUM(O80:U80) | O80: =O50-O20 | P80: =P50-P20 | Q80: =Q50-Q20 | R80: =R50-R20 | S80: =S50-S20 | T80: =T50-T20 | U80: =U50-U20
D81: =G81+M81+N81 | G81: =SUM(H81:L81) | H81: =H51-H21 | I81: =I51-I21 | J81: =J51-J21 | K81: =K51-K21 | L81: =L51-L21 | M81: =M51-M21 | N81: =SUM(O81:U81) | O81: =O51-O21 | P81: =P51-P21 | Q81: =Q51-Q21 | R81: =R51-R21 | S81: =S51-S21 | T81: =T51-T21 | U81: =U51-U21
D82: =G82+M82+N82 | G82: =SUM(H82:L82) | H82: =H52-H22 | I82: =I52-I22 | J82: =J52-J22 | K82: =K52-K22 | L82: =L52-L22 | M82: =M52-M22 | N82: =SUM(O82:U82) | O82: =O52-O22 | P82: =P52-P22 | Q82: =Q52-Q22 | R82: =R52-R22 | S82: =S52-S22 | T82: =T52-T22 | U82: =U52-U22
D83: =G83+M83+N83 | G83: =SUM(H83:L83) | H83: =H53-H23 | I83: =I53-I23 | J83: =J53-J23 | K83: =K53-K23 | L83: =L53-L23 | M83: =M53-M23 | N83: =SUM(O83:U83) | O83: =O53-O23 | P83: =P53-P23 | Q83: =Q53-Q23 | R83: =R53-R23 | S83: =S53-S23 | T83: =T53-T23 | U83: =U53-U23
D84: =G84+M84+N84 | G84: =SUM(H84:L84) | H84: =H54-H24 | I84: =I54-I24 | J84: =J54-J24 | K84: =K54-K24 | L84: =L54-L24 | M84: =M54-M24 | N84: =SUM(O84:U84) | O84: =O54-O24 | P84: =P54-P24 | Q84: =Q54-Q24 | R84: =R54-R24 | S84: =S54-S24 | T84: =T54-T24 | U84: =U54-U24
D85: =G85+M85+N85 | G85: =SUM(H85:L85) | H85: =H55-H25 | I85: =I55-I25 | J85: =J55-J25 | K85: =K55-K25 | L85: =L55-L25 | M85: =M55-M25 | N85: =SUM(O85:U85) | O85: =O55-O25 | P85: =P55-P25 | Q85: =Q55-Q25 | R85: =R55-R25 | S85: =S55-S25 | T85: =T55-T25 | U85: =U55-U25
D86: =G86+M86+N86 | G86: =SUM(H86:L86) | H86: =H56-H26 | I86: =I56-I26 | J86: =J56-J26 | K86: =K56-K26 | L86: =L56-L26 | M86: =M56-M26 | N86: =SUM(O86:U86) | O86: =O56-O26 | P86: =P56-P26 | Q86: =Q56-Q26 | R86: =R56-R26 | S86: =S56-S26 | T86: =T56-T26 | U86: =U56-U26
D87: =G87+M87+N87 | G87: =SUM(H87:L87) | H87: =H57-H27 | I87: =I57-I27 | J87: =J57-J27 | K87: =K57-K27 | L87: =L57-L27 | M87: =M57-M27 | N87: =SUM(O87:U87) | O87: =O57-O27 | P87: =P57-P27 | Q87: =Q57-Q27 | R87: =R57-R27 | S87: =S57-S27 | T87: =T57-T27 | U87: =U57-U27
D88: =G88+M88+N88 | G88: =SUM(H88:L88) | H88: =H58-H28 | I88: =I58-I28 | J88: =J58-J28 | K88: =K58-K28 | L88: =L58-L28 | M88: =M58-M28 | N88: =SUM(O88:U88) | O88: =O58-O28 | P88: =P58-P28 | Q88: =Q58-Q28 | R88: =R58-R28 | S88: =S58-S28 | T88: =T58-T28 | U88: =U58-U28
D89: =G89+M89+N89 | G89: =SUM(H89:L89) | H89: =H66+H76 | I89: =I66+I76 | J89: =J66+J76 | K89: =K66+K76 | L89: =L66+L76 | M89: =M66+M76 | N89: =SUM(O89:U89) | O89: =O66+O76 | P89: =P66+P76 | Q89: =Q66+Q76 | R89: =R66+R76 | S89: =S66+S76 | T89: =T66+T76 | U89: =U66+U76

Sheet 6월
D6: =G6+M6+N6 | G6: =SUM(H6:L6) | H6: =SUM(H7:H11) | I6: =SUM(I7:I11) | J6: =SUM(J7:J11) | K6: =SUM(K7:K11) | L6: =SUM(L7:L11) | M6: =SUM(M7:M11) | N6: =SUM(O6:U6) | O6: =SUM(O7:O11) | P6: =SUM(P7:P11) | Q6: =SUM(Q7:Q11) | R6: =SUM(R7:R11) | S6: =SUM(S7:S11) | T6: =SUM(T7:T11) | U6: =SUM(U7:U11)
D7: =G7+M7+N7 | G7: =SUM(H7:L7) | N7: =SUM(O7:U7)
D8: =G8+M8+N8 | G8: =SUM(H8:L8) | N8: =SUM(O8:U8)
D9: =G9+M9+N9 | G9: =SUM(H9:L9) | N9: =SUM(O9:U9)
D10: =G10+M10+N10 | G10: =SUM(H10:L10) | N10: =SUM(O10:U10)
D11: =G11+M11+N11 | G11: =SUM(H11:L11) | H11: =SUM(H12:H15) | I11: =SUM(I12:I15) | J11: =SUM(J12:J15) | K11: =SUM(K12:K15) | L11: =SUM(L12:L15) | M11: =SUM(M12:M15) | N11: =SUM(O11:U11) | O11: =SUM(O12:O15) | P11: =SUM(P12:P15) | Q11: =SUM(Q12:Q15) | R11: =SUM(R12:R15) | S11: =SUM(S12:S15) | T11: =SUM(T12:T15) | U11: =SUM(U12:U15)
D12: =G12+M12+N12 | G12: =SUM(H12:L12) | N12: =SUM(O12:U12)
D13: =G13+M13+N13 | G13: =SUM(H13:L13) | N13: =SUM(O13:U13)
D14: =G14+M14+N14 | G14: =SUM(H14:L14) | N14: =SUM(O14:U14)
D15: =G15+M15+N15 | G15: =SUM(H15:L15) | N15: =SUM(O15:U15)
D16: =G16+M16+N16 | G16: =SUM(H16:L16) | H16: =SUM(H17:H28) | I16: =SUM(I17:I28) | J16: =SUM(J17:J28) | K16: =SUM(K17:K28) | L16: =SUM(L17:L28) | M16: =SUM(M17:M28) | N16: =SUM(O16:U16) | O16: =SUM(O17:O28) | P16: =SUM(P17:P28) | Q16: =SUM(Q17:Q28) | R16: =SUM(R17:R28) | S16: =SUM(S17:S28) | T16: =SUM(T17:T28) | U16: =SUM(U17:U28)
D17: =G17+M17+N17 | G17: =SUM(H17:L17) | N17: =SUM(O17:U17)
D18: =G18+M18+N18 | G18: =SUM(H18:L18) | N18: =SUM(O18:U18)
D19: =G19+M19+N19 | G19: =SUM(H19:L19) | N19: =SUM(O19:U19)
D20: =G20+M20+N20 | G20: =SUM(H20:L20) | N20: =SUM(O20:U20)
D21: =G21+M21+N21 | G21: =SUM(H21:L21) | N21: =SUM(O21:U21)
D22: =G22+M22+N22 | G22: =SUM(H22:L22) | N22: =SUM(O22:U22)
D23: =G23+M23+N23 | G23: =SUM(H23:L23) | N23: =SUM(O23:U23)
D24: =G24+M24+N24 | G24: =SUM(H24:L24) | N24: =SUM(O24:U24)
D25: =G25+M25+N25 | G25: =SUM(H25:L25) | N25: =SUM(O25:U25)
D26: =G26+M26+N26 | G26: =SUM(H26:L26) | N26: =SUM(O26:U26)
D27: =G27+M27+N27 | G27: =SUM(H27:L27) | N27: =SUM(O27:U27)
D28: =G28+M28+N28 | G28: =SUM(H28:L28) | N28: =SUM(O28:U28)
D29: =G29+M29+N29 | G29: =SUM(H29:L29) | H29: =H6+H16 | I29: =I6+I16 | J29: =J6+J16 | K29: =K6+K16 | L29: =L6+L16 | M29: =M6+M16 | N29: =SUM(O29:U29) | O29: =O6+O16 | P29: =P6+P16 | Q29: =Q6+Q16 | R29: =R6+R16 | S29: =S6+S16 | T29: =T6+T16 | U29: =U6+U16
C36: =D6 | D36: =G36+M36+N36 | E36: =D36-C36 | F36: =IFERROR(D36/C36,0) | G36: =SUM(H36:L36) | H36: =SUM(H37:H41) | I36: =SUM(I37:I41) | J36: =SUM(J37:J41) | K36: =SUM(K37:K41) | L36: =SUM(L37:L41) | M36: =SUM(M37:M41) | N36: =SUM(O36:U36) | O36: =SUM(O37:O41) | P36: =SUM(P37:P41) | Q36: =SUM(Q37:Q41) | R36: =SUM(R37:R41) | S36: =SUM(S37:S41) | T36: =SUM(T37:T41) | U36: =SUM(U37:U41)
C37: =D7 | D37: =G37+M37+N37 | E37: =D37-C37 | F37: =IFERROR(D37/C37,0) | G37: =SUM(H37:L37) | N37: =SUM(O37:U37)
C38: =D8 | D38: =G38+M38+N38 | E38: =D38-C38 | F38: =IFERROR(D38/C38,0) | G38: =SUM(H38:L38) | N38: =SUM(O38:U38)
C39: =D9 | D39: =G39+M39+N39 | E39: =D39-C39 | F39: =IFERROR(D39/C39,0) | G39: =SUM(H39:L39) | N39: =SUM(O39:U39)
C40: =D10 | D40: =G40+M40+N40 | E40: =D40-C40 | F40: =IFERROR(D40/C40,0) | G40: =SUM(H40:L40) | N40: =SUM(O40:U40)
C41: =D11 | D41: =G41+M41+N41 | E41: =D41-C41 | F41: =IFERROR(D41/C41,0) | G41: =SUM(H41:L41) | H41: =SUM(H42:H45) | I41: =SUM(I42:I45) | J41: =SUM(J42:J45) | K41: =SUM(K42:K45) | L41: =SUM(L42:L45) | M41: =SUM(M42:M45) | N41: =SUM(O41:U41) | O41: =SUM(O42:O45) | P41: =SUM(P42:P45) | Q41: =SUM(Q42:Q45) | R41: =SUM(R42:R45) | S41: =SUM(S42:S45) | T41: =SUM(T42:T45) | U41: =SUM(U42:U45)
C42: =D12 | D42: =G42+M42+N42 | E42: =D42-C42 | F42: =IFERROR(D42/C42,0) | G42: =SUM(H42:L42) | N42: =SUM(O42:U42)
C43: =D13 | D43: =G43+M43+N43 | E43: =D43-C43 | F43: =IFERROR(D43/C43,0) | G43: =SUM(H43:L43) | N43: =SUM(O43:U43)
C44: =D14 | D44: =G44+M44+N44 | E44: =D44-C44 | F44: =IFERROR(D44/C44,0) | G44: =SUM(H44:L44) | N44: =SUM(O44:U44)
C45: =D15 | D45: =G45+M45+N45 | E45: =D45-C45 | F45: =IFERROR(D45/C45,0) | G45: =SUM(H45:L45) | N45: =SUM(O45:U45)
C46: =D16 | D46: =G46+M46+N46 | E46: =D46-C46 | F46: =IFERROR(D46/C46,0) | G46: =SUM(H46:L46) | H46: =SUM(H47:H58) | I46: =SUM(I47:I58) | J46: =SUM(J47:J58) | K46: =SUM(K47:K58) | L46: =SUM(L47:L58) | M46: =SUM(M47:M58) | N46: =SUM(O46:U46) | O46: =SUM(O47:O58) | P46: =SUM(P47:P58) | Q46: =SUM(Q47:Q58) | R46: =SUM(R47:R58) | S46: =SUM(S47:S58) | T46: =SUM(T47:T58) | U46: =SUM(U47:U58)
C47: =D17 | D47: =G47+M47+N47 | E47: =D47-C47 | F47: =IFERROR(D47/C47,0) | G47: =SUM(H47:L47) | N47: =SUM(O47:U47)
C48: =D18 | D48: =G48+M48+N48 | E48: =D48-C48 | F48: =IFERROR(D48/C48,0) | G48: =SUM(H48:L48) | N48: =SUM(O48:U48)
C49: =D19 | D49: =G49+M49+N49 | E49: =D49-C49 | F49: =IFERROR(D49/C49,0) | G49: =SUM(H49:L49) | N49: =SUM(O49:U49)
C50: =D20 | D50: =G50+M50+N50 | E50: =D50-C50 | F50: =IFERROR(D50/C50,0) | G50: =SUM(H50:L50) | N50: =SUM(O50:U50)
C51: =D21 | D51: =G51+M51+N51 | E51: =D51-C51 | F51: =IFERROR(D51/C51,0) | G51: =SUM(H51:L51) | N51: =SUM(O51:U51)
C52: =D22 | D52: =G52+M52+N52 | E52: =D52-C52 | F52: =IFERROR(D52/C52,0) | G52: =SUM(H52:L52) | N52: =SUM(O52:U52)
C53: =D23 | D53: =G53+M53+N53 | E53: =D53-C53 | F53: =IFERROR(D53/C53,0) | G53: =SUM(H53:L53) | N53: =SUM(O53:U53)
C54: =D24 | D54: =G54+M54+N54 | E54: =D54-C54 | F54: =IFERROR(D54/C54,0) | G54: =SUM(H54:L54) | N54: =SUM(O54:U54)
C55: =D25 | D55: =G55+M55+N55 | E55: =D55-C55 | F55: =IFERROR(D55/C55,0) | G55: =SUM(H55:L55) | N55: =SUM(O55:U55)
C56: =D26 | D56: =G56+M56+N56 | E56: =D56-C56 | F56: =IFERROR(D56/C56,0) | G56: =SUM(H56:L56) | N56: =SUM(O56:U56)
C57: =D27 | D57: =G57+M57+N57 | E57: =D57-C57 | F57: =IFERROR(D57/C57,0) | G57: =SUM(H57:L57) | N57: =SUM(O57:U57)
C58: =D28 | D58: =G58+M58+N58 | E58: =D58-C58 | F58: =IFERROR(D58/C58,0) | G58: =SUM(H58:L58) | N58: =SUM(O58:U58)
C59: =C36+C46 | D59: =D36+D46 | E59: =D59-C59 | F59: =IFERROR(D59/C59,"") | G59: =SUM(H59:L59) | H59: =H36+H46 | I59: =I36+I46 | J59: =J36+J46 | K59: =K36+K46 | L59: =L36+L46 | M59: =M36+M46 | N59: =N36+N46 | O59: =O36+O46 | ... U59: =U36+U46
D66: =G66+M66+N66 | G66: =SUM(H66:L66) | H66: =SUM(H67:H71) | I66: =SUM(I67:I71) | J66: =SUM(J67:J71) | K66: =SUM(K67:K71) | L66: =SUM(L67:L71) | M66: =SUM(M67:M71) | N66: =SUM(O66:U66) | O66: =SUM(O67:O71) | P66: =SUM(P67:P71) | Q66: =SUM(Q67:Q71) | R66: =SUM(R67:R71) | S66: =SUM(S67:S71) | T66: =SUM(T67:T71) | U66: =SUM(U67:U71)
D67: =G67+M67+N67 | G67: =SUM(H67:L67) | H67: =H37-H7 | I67: =I37-I7 | J67: =J37-J7 | K67: =K37-K7 | L67: =L37-L7 | M67: =M37-M7 | N67: =SUM(O67:U67) | O67: =O37-O7 | P67: =P37-P7 | Q67: =Q37-Q7 | R67: =R37-R7 | S67: =S37-S7 | T67: =T37-T7 | U67: =U37-U7
D68: =G68+M68+N68 | G68: =SUM(H68:L68) | H68: =H38-H8 | I68: =I38-I8 | J68: =J38-J8 | K68: =K38-K8 | L68: =L38-L8 | M68: =M38-M8 | N68: =SUM(O68:U68) | O68: =O38-O8 | P68: =P38-P8 | Q68: =Q38-Q8 | R68: =R38-R8 | S68: =S38-S8 | T68: =T38-T8 | U68: =U38-U8
D69: =G69+M69+N69 | G69: =SUM(H69:L69) | H69: =H39-H9 | I69: =I39-I9 | J69: =J39-J9 | K69: =K39-K9 | L69: =L39-L9 | M69: =M39-M9 | N69: =SUM(O69:U69) | O69: =O39-O9 | P69: =P39-P9 | Q69: =Q39-Q9 | R69: =R39-R9 | S69: =S39-S9 | T69: =T39-T9 | U69: =U39-U9
D70: =G70+M70+N70 | G70: =SUM(H70:L70) | H70: =H40-H10 | I70: =I40-I10 | J70: =J40-J10 | K70: =K40-K10 | L70: =L40-L10 | M70: =M40-M10 | N70: =SUM(O70:U70) | O70: =O40-O10 | P70: =P40-P10 | Q70: =Q40-Q10 | R70: =R40-R10 | S70: =S40-S10 | T70: =T40-T10 | U70: =U40-U10
D71: =G71+M71+N71 | G71: =SUM(H71:L71) | H71: =SUM(H72:H75) | I71: =SUM(I72:I75) | J71: =SUM(J72:J75) | K71: =SUM(K72:K75) | L71: =SUM(L72:L75) | M71: =SUM(M72:M75) | N71: =SUM(O71:U71) | O71: =SUM(O72:O75) | P71: =SUM(P72:P75) | Q71: =SUM(Q72:Q75) | R71: =SUM(R72:R75) | S71: =SUM(S72:S75) | T71: =SUM(T72:T75) | U71: =SUM(U72:U75)
D72: =G72+M72+N72 | G72: =SUM(H72:L72) | H72: =H42-H12 | I72: =I42-I12 | J72: =J42-J12 | K72: =K42-K12 | L72: =L42-L12 | M72: =M42-M12 | N72: =SUM(O72:U72) | O72: =O42-O12 | P72: =P42-P12 | Q72: =Q42-Q12 | R72: =R42-R12 | S72: =S42-S12 | T72: =T42-T12 | U72: =U42-U12
D73: =G73+M73+N73 | G73: =SUM(H73:L73) | H73: =H43-H13 | I73: =I43-I13 | J73: =J43-J13 | K73: =K43-K13 | L73: =L43-L13 | M73: =M43-M13 | N73: =SUM(O73:U73) | O73: =O43-O13 | P73: =P43-P13 | Q73: =Q43-Q13 | R73: =R43-R13 | S73: =S43-S13 | T73: =T43-T13 | U73: =U43-U13
D74: =G74+M74+N74 | G74: =SUM(H74:L74) | H74: =H44-H14 | I74: =I44-I14 | J74: =J44-J14 | K74: =K44-K14 | L74: =L44-L14 | M74: =M44-M14 | N74: =SUM(O74:U74) | O74: =O44-O14 | P74: =P44-P14 | Q74: =Q44-Q14 | R74: =R44-R14 | S74: =S44-S14 | T74: =T44-T14 | U74: =U44-U14
D75: =G75+M75+N75 | G75: =SUM(H75:L75) | H75: =H45-H15 | I75: =I45-I15 | J75: =J45-J15 | K75: =K45-K15 | L75: =L45-L15 | M75: =M45-M15 | N75: =SUM(O75:U75) | O75: =O45-O15 | P75: =P45-P15 | Q75: =Q45-Q15 | R75: =R45-R15 | S75: =S45-S15 | T75: =T45-T15 | U75: =U45-U15
D76: =G76+M76+N76 | G76: =SUM(H76:L76) | H76: =SUM(H77:H88) | I76: =SUM(I77:I88) | J76: =SUM(J77:J88) | K76: =SUM(K77:K88) | L76: =SUM(L77:L88) | M76: =SUM(M77:M88) | N76: =SUM(O76:U76) | O76: =SUM(O77:O88) | P76: =SUM(P77:P88) | Q76: =SUM(Q77:Q88) | R76: =SUM(R77:R88) | S76: =SUM(S77:S88) | T76: =SUM(T77:T88) | U76: =SUM(U77:U88)
D77: =G77+M77+N77 | G77: =SUM(H77:L77) | H77: =H47-H17 | I77: =I47-I17 | J77: =J47-J17 | K77: =K47-K17 | L77: =L47-L17 | M77: =M47-M17 | N77: =SUM(O77:U77) | O77: =O47-O17 | P77: =P47-P17 | Q77: =Q47-Q17 | R77: =R47-R17 | S77: =S47-S17 | T77: =T47-T17 | U77: =U47-U17
D78: =G78+M78+N78 | G78: =SUM(H78:L78) | H78: =H48-H18 | I78: =I48-I18 | J78: =J48-J18 | K78: =K48-K18 | L78: =L48-L18 | M78: =M48-M18 | N78: =SUM(O78:U78) | O78: =O48-O18 | P78: =P48-P18 | Q78: =Q48-Q18 | R78: =R48-R18 | S78: =S48-S18 | T78: =T48-T18 | U78: =U48-U18
D79: =G79+M79+N79 | G79: =SUM(H79:L79) | H79: =H49-H19 | I79: =I49-I19 | J79: =J49-J19 | K79: =K49-K19 | L79: =L49-L19 | M79: =M49-M19 | N79: =SUM(O79:U79) | O79: =O49-O19 | P79: =P49-P19 | Q79: =Q49-Q19 | R79: =R49-R19 | S79: =S49-S19 | T79: =T49-T19 | U79: =U49-U19
D80: =G80+M80+N80 | G80: =SUM(H80:L80) | H80: =H50-H20 | I80: =I50-I20 | J80: =J50-J20 | K80: =K50-K20 | L80: =L50-L20 | M80: =M50-M20 | N80: =SUM(O80:U80) | O80: =O50-O20 | P80: =P50-P20 | Q80: =Q50-Q20 | R80: =R50-R20 | S80: =S50-S20 | T80: =T50-T20 | U80: =U50-U20
D81: =G81+M81+N81 | G81: =SUM(H81:L81) | H81: =H51-H21 | I81: =I51-I21 | J81: =J51-J21 | K81: =K51-K21 | L81: =L51-L21 | M81: =M51-M21 | N81: =SUM(O81:U81) | O81: =O51-O21 | P81: =P51-P21 | Q81: =Q51-Q21 | R81: =R51-R21 | S81: =S51-S21 | T81: =T51-T21 | U81: =U51-U21
D82: =G82+M82+N82 | G82: =SUM(H82:L82) | H82: =H52-H22 | I82: =I52-I22 | J82: =J52-J22 | K82: =K52-K22 | L82: =L52-L22 | M82: =M52-M22 | N82: =SUM(O82:U82) | O82: =O52-O22 | P82: =P52-P22 | Q82: =Q52-Q22 | R82: =R52-R22 | S82: =S52-S22 | T82: =T52-T22 | U82: =U52-U22
D83: =G83+M83+N83 | G83: =SUM(H83:L83) | H83: =H53-H23 | I83: =I53-I23 | J83: =J53-J23 | K83: =K53-K23 | L83: =L53-L23 | M83: =M53-M23 | N83: =SUM(O83:U83) | O83: =O53-O23 | P83: =P53-P23 | Q83: =Q53-Q23 | R83: =R53-R23 | S83: =S53-S23 | T83: =T53-T23 | U83: =U53-U23
D84: =G84+M84+N84 | G84: =SUM(H84:L84) | H84: =H54-H24 | I84: =I54-I24 | J84: =J54-J24 | K84: =K54-K24 | L84: =L54-L24 | M84: =M54-M24 | N84: =SUM(O84:U84) | O84: =O54-O24 | P84: =P54-P24 | Q84: =Q54-Q24 | R84: =R54-R24 | S84: =S54-S24 | T84: =T54-T24 | U84: =U54-U24
D85: =G85+M85+N85 | G85: =SUM(H85:L85) | H85: =H55-H25 | I85: =I55-I25 | J85: =J55-J25 | K85: =K55-K25 | L85: =L55-L25 | M85: =M55-M25 | N85: =SUM(O85:U85) | O85: =O55-O25 | P85: =P55-P25 | Q85: =Q55-Q25 | R85: =R55-R25 | S85: =S55-S25 | T85: =T55-T25 | U85: =U55-U25
D86: =G86+M86+N86 | G86: =SUM(H86:L86) | H86: =H56-H26 | I86: =I56-I26 | J86: =J56-J26 | K86: =K56-K26 | L86: =L56-L26 | M86: =M56-M26 | N86: =SUM(O86:U86) | O86: =O56-O26 | P86: =P56-P26 | Q86: =Q56-Q26 | R86: =R56-R26 | S86: =S56-S26 | T86: =T56-T26 | U86: =U56-U26
D87: =G87+M87+N87 | G87: =SUM(H87:L87) | H87: =H57-H27 | I87: =I57-I27 | J87: =J57-J27 | K87: =K57-K27 | L87: =L57-L27 | M87: =M57-M27 | N87: =SUM(O87:U87) | O87: =O57-O27 | P87: =P57-P27 | Q87: =Q57-Q27 | R87: =R57-R27 | S87: =S57-S27 | T87: =T57-T27 | U87: =U57-U27
D88: =G88+M88+N88 | G88: =SUM(H88:L88) | H88: =H58-H28 | I88: =I58-I28 | J88: =J58-J28 | K88: =K58-K28 | L88: =L58-L28 | M88: =M58-M28 | N88: =SUM(O88:U88) | O88: =O58-O28 | P88: =P58-P28 | Q88: =Q58-Q28 | R88: =R58-R28 | S88: =S58-S28 | T88: =T58-T28 | U88: =U58-U28
D89: =G89+M89+N89 | G89: =SUM(H89:L89) | H89: =H66+H76 | I89: =I66+I76 | J89: =J66+J76 | K89: =K66+K76 | L89: =L66+L76 | M89: =M66+M76 | N89: =SUM(O89:U89) | O89: =O66+O76 | P89: =P66+P76 | Q89: =Q66+Q76 | R89: =R66+R76 | S89: =S66+S76 | T89: =T66+T76 | U89: =U66+U76

Sheet 6월 누계(1H)
D6: =G6+M6+N6 | G6: =SUM(H6:L6) | H6: =SUM(H7:H11) | I6: =SUM(I7:I11) | J6: =SUM(J7:J11) | K6: =SUM(K7:K11) | L6: =SUM(L7:L11) | M6: =SUM(M7:M11) | N6: =SUM(O6:U6) | O6: =SUM(O7:O11) | P6: =SUM(P7:P11) | Q6: =SUM(Q7:Q11) | R6: =SUM(R7:R11) | S6: =SUM(S7:S11) | T6: =SUM(T7:T11) | U6: =SUM(U7:U11)
D7: =G7+M7+N7 | G7: =SUM(H7:L7) | H7: ='5월 누계'!H7+'6월'!H7 | I7: ='5월 누계'!I7+'6월'!I7 | J7: ='5월 누계'!J7+'6월'!J7 | K7: ='5월 누계'!K7+'6월'!K7 | L7: ='5월 누계'!L7+'6월'!L7 | M7: ='5월 누계'!M7+'6월'!M7 | N7: =SUM(O7:U7) | O7: ='5월 누계'!O7+'6월'!O7 | P7: ='5월 누계'!P7+'6월'!P7 | Q7: ='5월 누계'!Q7+'6월'!Q7 | R7: ='5월 누계'!R7+'6월'!R7 | S7: ='5월 누계'!S7+'6월'!S7 | T7: ='5월 누계'!T7+'6월'!T7 | U7: ='5월 누계'!U7+'6월'!U7
D8: =G8+M8+N8 | G8: =SUM(H8:L8) | H8: ='5월 누계'!H8+'6월'!H8 | I8: ='5월 누계'!I8+'6월'!I8 | J8: ='5월 누계'!J8+'6월'!J8 | K8: ='5월 누계'!K8+'6월'!K8 | L8: ='5월 누계'!L8+'6월'!L8 | M8: ='5월 누계'!M8+'6월'!M8 | N8: =SUM(O8:U8) | O8: ='5월 누계'!O8+'6월'!O8 | P8: ='5월 누계'!P8+'6월'!P8 | Q8: ='5월 누계'!Q8+'6월'!Q8 | R8: ='5월 누계'!R8+'6월'!R8 | S8: ='5월 누계'!S8+'6월'!S8 | T8: ='5월 누계'!T8+'6월'!T8 | U8: ='5월 누계'!U8+'6월'!U8
D9: =G9+M9+N9 | G9: =SUM(H9:L9) | H9: ='5월 누계'!H9+'6월'!H9 | I9: ='5월 누계'!I9+'6월'!I9 | J9: ='5월 누계'!J9+'6월'!J9 | K9: ='5월 누계'!K9+'6월'!K9 | L9: ='5월 누계'!L9+'6월'!L9 | M9: ='5월 누계'!M9+'6월'!M9 | N9: =SUM(O9:U9) | O9: ='5월 누계'!O9+'6월'!O9 | P9: ='5월 누계'!P9+'6월'!P9 | Q9: ='5월 누계'!Q9+'6월'!Q9 | R9: ='5월 누계'!R9+'6월'!R9 | S9: ='5월 누계'!S9+'6월'!S9 | T9: ='5월 누계'!T9+'6월'!T9 | U9: ='5월 누계'!U9+'6월'!U9
D10: =G10+M10+N10 | G10: =SUM(H10:L10) | H10: ='5월 누계'!H10+'6월'!H10 | I10: ='5월 누계'!I10+'6월'!I10 | J10: ='5월 누계'!J10+'6월'!J10 | K10: ='5월 누계'!K10+'6월'!K10 | L10: ='5월 누계'!L10+'6월'!L10 | M10: ='5월 누계'!M10+'6월'!M10 | N10: =SUM(O10:U10) | O10: ='5월 누계'!O10+'6월'!O10 | P10: ='5월 누계'!P10+'6월'!P10 | Q10: ='5월 누계'!Q10+'6월'!Q10 | R10: ='5월 누계'!R10+'6월'!R10 | S10: ='5월 누계'!S10+'6월'!S10 | T10: ='5월 누계'!T10+'6월'!T10 | U10: ='5월 누계'!U10+'6월'!U10
D11: =G11+M11+N11 | G11: =SUM(H11:L11) | H11: =SUM(H12:H15) | I11: =SUM(I12:I15) | J11: =SUM(J12:J15) | K11: =SUM(K12:K15) | L11: =SUM(L12:L15) | M11: =SUM(M12:M15) | N11: =SUM(O11:U11) | O11: =SUM(O12:O15) | P11: =SUM(P12:P15) | Q11: =SUM(Q12:Q15) | R11: =SUM(R12:R15) | S11: =SUM(S12:S15) | T11: =SUM(T12:T15) | U11: =SUM(U12:U15)
D12: =G12+M12+N12 | G12: =SUM(H12:L12) | H12: ='5월 누계'!H12+'6월'!H12 | I12: ='5월 누계'!I12+'6월'!I12 | J12: ='5월 누계'!J12+'6월'!J12 | K12: ='5월 누계'!K12+'6월'!K12 | L12: ='5월 누계'!L12+'6월'!L12 | M12: ='5월 누계'!M12+'6월'!M12 | N12: =SUM(O12:U12) | O12: ='5월 누계'!O12+'6월'!O12 | P12: ='5월 누계'!P12+'6월'!P12 | Q12: ='5월 누계'!Q12+'6월'!Q12 | R12: ='5월 누계'!R12+'6월'!R12 | S12: ='5월 누계'!S12+'6월'!S12 | T12: ='5월 누계'!T12+'6월'!T12 | U12: ='5월 누계'!U12+'6월'!U12
D13: =G13+M13+N13 | G13: =SUM(H13:L13) | H13: ='5월 누계'!H13+'6월'!H13 | I13: ='5월 누계'!I13+'6월'!I13 | J13: ='5월 누계'!J13+'6월'!J13 | K13: ='5월 누계'!K13+'6월'!K13 | L13: ='5월 누계'!L13+'6월'!L13 | M13: ='5월 누계'!M13+'6월'!M13 | N13: =SUM(O13:U13) | O13: ='5월 누계'!O13+'6월'!O13 | P13: ='5월 누계'!P13+'6월'!P13 | Q13: ='5월 누계'!Q13+'6월'!Q13 | R13: ='5월 누계'!R13+'6월'!R13 | S13: ='5월 누계'!S13+'6월'!S13 | T13: ='5월 누계'!T13+'6월'!T13 | U13: ='5월 누계'!U13+'6월'!U13
D14: =G14+M14+N14 | G14: =SUM(H14:L14) | H14: ='5월 누계'!H14+'6월'!H14 | I14: ='5월 누계'!I14+'6월'!I14 | J14: ='5월 누계'!J14+'6월'!J14 | K14: ='5월 누계'!K14+'6월'!K14 | L14: ='5월 누계'!L14+'6월'!L14 | M14: ='5월 누계'!M14+'6월'!M14 | N14: =SUM(O14:U14) | O14: ='5월 누계'!O14+'6월'!O14 | P14: ='5월 누계'!P14+'6월'!P14 | Q14: ='5월 누계'!Q14+'6월'!Q14 | R14: ='5월 누계'!R14+'6월'!R14 | S14: ='5월 누계'!S14+'6월'!S14 | T14: ='5월 누계'!T14+'6월'!T14 | U14: ='5월 누계'!U14+'6월'!U14
D15: =G15+M15+N15 | G15: =SUM(H15:L15) | H15: ='5월 누계'!H15+'6월'!H15 | I15: ='5월 누계'!I15+'6월'!I15 | J15: ='5월 누계'!J15+'6월'!J15 | K15: ='5월 누계'!K15+'6월'!K15 | L15: ='5월 누계'!L15+'6월'!L15 | M15: ='5월 누계'!M15+'6월'!M15 | N15: =SUM(O15:U15) | O15: ='5월 누계'!O15+'6월'!O15 | P15: ='5월 누계'!P15+'6월'!P15 | Q15: ='5월 누계'!Q15+'6월'!Q15 | R15: ='5월 누계'!R15+'6월'!R15 | S15: ='5월 누계'!S15+'6월'!S15 | T15: ='5월 누계'!T15+'6월'!T15 | U15: ='5월 누계'!U15+'6월'!U15
D16: =G16+M16+N16 | G16: =SUM(H16:L16) | H16: =SUM(H17:H28) | I16: =SUM(I17:I28) | J16: =SUM(J17:J28) | K16: =SUM(K17:K28) | L16: =SUM(L17:L28) | M16: =SUM(M17:M28) | N16: =SUM(O16:U16) | O16: =SUM(O17:O28) | P16: =SUM(P17:P28) | Q16: =SUM(Q17:Q28) | R16: =SUM(R17:R28) | S16: =SUM(S17:S28) | T16: =SUM(T17:T28) | U16: =SUM(U17:U28)
D17: =G17+M17+N17 | G17: =SUM(H17:L17) | H17: ='5월 누계'!H17+'6월'!H17 | I17: ='5월 누계'!I17+'6월'!I17 | J17: ='5월 누계'!J17+'6월'!J17 | K17: ='5월 누계'!K17+'6월'!K17 | L17: ='5월 누계'!L17+'6월'!L17 | M17: ='5월 누계'!M17+'6월'!M17 | N17: =SUM(O17:U17) | O17: ='5월 누계'!O17+'6월'!O17 | P17: ='5월 누계'!P17+'6월'!P17 | Q17: ='5월 누계'!Q17+'6월'!Q17 | R17: ='5월 누계'!R17+'6월'!R17 | S17: ='5월 누계'!S17+'6월'!S17 | T17: ='5월 누계'!T17+'6월'!T17 | U17: ='5월 누계'!U17+'6월'!U17
D18: =G18+M18+N18 | G18: =SUM(H18:L18) | H18: ='5월 누계'!H18+'6월'!H18 | I18: ='5월 누계'!I18+'6월'!I18 | J18: ='5월 누계'!J18+'6월'!J18 | K18: ='5월 누계'!K18+'6월'!K18 | L18: ='5월 누계'!L18+'6월'!L18 | M18: ='5월 누계'!M18+'6월'!M18 | N18: =SUM(O18:U18) | O18: ='5월 누계'!O18+'6월'!O18 | P18: ='5월 누계'!P18+'6월'!P18 | Q18: ='5월 누계'!Q18+'6월'!Q18 | R18: ='5월 누계'!R18+'6월'!R18 | S18: ='5월 누계'!S18+'6월'!S18 | T18: ='5월 누계'!T18+'6월'!T18 | U18: ='5월 누계'!U18+'6월'!U18
D19: =G19+M19+N19 | G19: =SUM(H19:L19) | H19: ='5월 누계'!H19+'6월'!H19 | I19: ='5월 누계'!I19+'6월'!I19 | J19: ='5월 누계'!J19+'6월'!J19 | K19: ='5월 누계'!K19+'6월'!K19 | L19: ='5월 누계'!L19+'6월'!L19 | M19: ='5월 누계'!M19+'6월'!M19 | N19: =SUM(O19:U19) | O19: ='5월 누계'!O19+'6월'!O19 | P19: ='5월 누계'!P19+'6월'!P19 | Q19: ='5월 누계'!Q19+'6월'!Q19 | R19: ='5월 누계'!R19+'6월'!R19 | S19: ='5월 누계'!S19+'6월'!S19 | T19: ='5월 누계'!T19+'6월'!T19 | U19: ='5월 누계'!U19+'6월'!U19
D20: =G20+M20+N20 | G20: =SUM(H20:L20) | H20: ='5월 누계'!H20+'6월'!H20 | I20: ='5월 누계'!I20+'6월'!I20 | J20: ='5월 누계'!J20+'6월'!J20 | K20: ='5월 누계'!K20+'6월'!K20 | L20: ='5월 누계'!L20+'6월'!L20 | M20: ='5월 누계'!M20+'6월'!M20 | N20: =SUM(O20:U20) | O20: ='5월 누계'!O20+'6월'!O20 | P20: ='5월 누계'!P20+'6월'!P20 | Q20: ='5월 누계'!Q20+'6월'!Q20 | R20: ='5월 누계'!R20+'6월'!R20 | S20: ='5월 누계'!S20+'6월'!S20 | T20: ='5월 누계'!T20+'6월'!T20 | U20: ='5월 누계'!U20+'6월'!U20
D21: =G21+M21+N21 | G21: =SUM(H21:L21) | H21: ='5월 누계'!H21+'6월'!H21 | I21: ='5월 누계'!I21+'6월'!I21 | J21: ='5월 누계'!J21+'6월'!J21 | K21: ='5월 누계'!K21+'6월'!K21 | L21: ='5월 누계'!L21+'6월'!L21 | M21: ='5월 누계'!M21+'6월'!M21 | N21: =SUM(O21:U21) | O21: ='5월 누계'!O21+'6월'!O21 | P21: ='5월 누계'!P21+'6월'!P21 | Q21: ='5월 누계'!Q21+'6월'!Q21 | R21: ='5월 누계'!R21+'6월'!R21 | S21: ='5월 누계'!S21+'6월'!S21 | T21: ='5월 누계'!T21+'6월'!T21 | U21: ='5월 누계'!U21+'6월'!U21
D22: =G22+M22+N22 | G22: =SUM(H22:L22) | H22: ='5월 누계'!H22+'6월'!H22 | I22: ='5월 누계'!I22+'6월'!I22 | J22: ='5월 누계'!J22+'6월'!J22 | K22: ='5월 누계'!K22+'6월'!K22 | L22: ='5월 누계'!L22+'6월'!L22 | M22: ='5월 누계'!M22+'6월'!M22 | N22: =SUM(O22:U22) | O22: ='5월 누계'!O22+'6월'!O22 | P22: ='5월 누계'!P22+'6월'!P22 | Q22: ='5월 누계'!Q22+'6월'!Q22 | R22: ='5월 누계'!R22+'6월'!R22 | S22: ='5월 누계'!S22+'6월'!S22 | T22: ='5월 누계'!T22+'6월'!T22 | U22: ='5월 누계'!U22+'6월'!U22
D23: =G23+M23+N23 | G23: =SUM(H23:L23) | H23: ='5월 누계'!H23+'6월'!H23 | I23: ='5월 누계'!I23+'6월'!I23 | J23: ='5월 누계'!J23+'6월'!J23 | K23: ='5월 누계'!K23+'6월'!K23 | L23: ='5월 누계'!L23+'6월'!L23 | M23: ='5월 누계'!M23+'6월'!M23 | N23: =SUM(O23:U23) | O23: ='5월 누계'!O23+'6월'!O23 | P23: ='5월 누계'!P23+'6월'!P23 | Q23: ='5월 누계'!Q23+'6월'!Q23 | R23: ='5월 누계'!R23+'6월'!R23 | S23: ='5월 누계'!S23+'6월'!S23 | T23: ='5월 누계'!T23+'6월'!T23 | U23: ='5월 누계'!U23+'6월'!U23
D24: =G24+M24+N24 | G24: =SUM(H24:L24) | H24: ='5월 누계'!H24+'6월'!H24 | I24: ='5월 누계'!I24+'6월'!I24 | J24: ='5월 누계'!J24+'6월'!J24 | K24: ='5월 누계'!K24+'6월'!K24 | L24: ='5월 누계'!L24+'6월'!L24 | M24: ='5월 누계'!M24+'6월'!M24 | N24: =SUM(O24:U24) | O24: ='5월 누계'!O24+'6월'!O24 | P24: ='5월 누계'!P24+'6월'!P24 | Q24: ='5월 누계'!Q24+'6월'!Q24 | R24: ='5월 누계'!R24+'6월'!R24 | S24: ='5월 누계'!S24+'6월'!S24 | T24: ='5월 누계'!T24+'6월'!T24 | U24: ='5월 누계'!U24+'6월'!U24
D25: =G25+M25+N25 | G25: =SUM(H25:L25) | H25: ='5월 누계'!H25+'6월'!H25 | I25: ='5월 누계'!I25+'6월'!I25 | J25: ='5월 누계'!J25+'6월'!J25 | K25: ='5월 누계'!K25+'6월'!K25 | L25: ='5월 누계'!L25+'6월'!L25 | M25: ='5월 누계'!M25+'6월'!M25 | N25: =SUM(O25:U25) | O25: ='5월 누계'!O25+'6월'!O25 | P25: ='5월 누계'!P25+'6월'!P25 | Q25: ='5월 누계'!Q25+'6월'!Q25 | R25: ='5월 누계'!R25+'6월'!R25 | S25: ='5월 누계'!S25+'6월'!S25 | T25: ='5월 누계'!T25+'6월'!T25 | U25: ='5월 누계'!U25+'6월'!U25
D26: =G26+M26+N26 | G26: =SUM(H26:L26) | H26: ='5월 누계'!H26+'6월'!H26 | I26: ='5월 누계'!I26+'6월'!I26 | J26: ='5월 누계'!J26+'6월'!J26 | K26: ='5월 누계'!K26+'6월'!K26 | L26: ='5월 누계'!L26+'6월'!L26 | M26: ='5월 누계'!M26+'6월'!M26 | N26: =SUM(O26:U26) | O26: ='5월 누계'!O26+'6월'!O26 | P26: ='5월 누계'!P26+'6월'!P26 | Q26: ='5월 누계'!Q26+'6월'!Q26 | R26: ='5월 누계'!R26+'6월'!R26 | S26: ='5월 누계'!S26+'6월'!S26 | T26: ='5월 누계'!T26+'6월'!T26 | U26: ='5월 누계'!U26+'6월'!U26
D27: =G27+M27+N27 | G27: =SUM(H27:L27) | H27: ='5월 누계'!H27+'6월'!H27 | I27: ='5월 누계'!I27+'6월'!I27 | J27: ='5월 누계'!J27+'6월'!J27 | K27: ='5월 누계'!K27+'6월'!K27 | L27: ='5월 누계'!L27+'6월'!L27 | M27: ='5월 누계'!M27+'6월'!M27 | N27: =SUM(O27:U27) | O27: ='5월 누계'!O27+'6월'!O27 | P27: ='5월 누계'!P27+'6월'!P27 | Q27: ='5월 누계'!Q27+'6월'!Q27 | R27: ='5월 누계'!R27+'6월'!R27 | S27: ='5월 누계'!S27+'6월'!S27 | T27: ='5월 누계'!T27+'6월'!T27 | U27: ='5월 누계'!U27+'6월'!U27
D28: =G28+M28+N28 | G28: =SUM(H28:L28) | H28: ='5월 누계'!H28+'6월'!H28 | I28: ='5월 누계'!I28+'6월'!I28 | J28: ='5월 누계'!J28+'6월'!J28 | K28: ='5월 누계'!K28+'6월'!K28 | L28: ='5월 누계'!L28+'6월'!L28 | M28: ='5월 누계'!M28+'6월'!M28 | N28: =SUM(O28:U28) | O28: ='5월 누계'!O28+'6월'!O28 | P28: ='5월 누계'!P28+'6월'!P28 | Q28: ='5월 누계'!Q28+'6월'!Q28 | R28: ='5월 누계'!R28+'6월'!R28 | S28: ='5월 누계'!S28+'6월'!S28 | T28: ='5월 누계'!T28+'6월'!T28 | U28: ='5월 누계'!U28+'6월'!U28
D29: =G29+M29+N29 | G29: =SUM(H29:L29) | H29: =H6+H16 | I29: =I6+I16 | J29: =J6+J16 | K29: =K6+K16 | L29: =L6+L16 | M29: =M6+M16 | N29: =SUM(O29:U29) | O29: =O6+O16 | P29: =P6+P16 | Q29: =Q6+Q16 | R29: =R6+R16 | S29: =S6+S16 | T29: =T6+T16 | U29: =U6+U16
C36: =D6 | D36: =G36+M36+N36 | E36: =D36-C36 | F36: =IFERROR(D36/C36,0) | G36: =SUM(H36:L36) | H36: =SUM(H37:H41) | I36: =SUM(I37:I41) | J36: =SUM(J37:J41) | K36: =SUM(K37:K41) | L36: =SUM(L37:L41) | M36: =SUM(M37:M41) | N36: =SUM(O36:U36) | O36: =SUM(O37:O41) | P36: =SUM(P37:P41) | Q36: =SUM(Q37:Q41) | R36: =SUM(R37:R41) | S36: =SUM(S37:S41) | T36: =SUM(T37:T41) | U36: =SUM(U37:U41)
C37: =D7 | D37: =G37+M37+N37 | E37: =D37-C37 | F37: =IFERROR(D37/C37,0) | G37: =SUM(H37:L37) | H37: ='5월 누계'!H37+'6월'!H37 | I37: ='5월 누계'!I37+'6월'!I37 | J37: ='5월 누계'!J37+'6월'!J37 | K37: ='5월 누계'!K37+'6월'!K37 | L37: ='5월 누계'!L37+'6월'!L37 | M37: ='5월 누계'!M37+'6월'!M37 | N37: =SUM(O37:U37) | O37: ='5월 누계'!O37+'6월'!O37 | P37: ='5월 누계'!P37+'6월'!P37 | Q37: ='5월 누계'!Q37+'6월'!Q37 | R37: ='5월 누계'!R37+'6월'!R37 | S37: ='5월 누계'!S37+'6월'!S37 | T37: ='5월 누계'!T37+'6월'!T37 | U37: ='5월 누계'!U37+'6월'!U37
C38: =D8 | D38: =G38+M38+N38 | E38: =D38-C38 | F38: =IFERROR(D38/C38,0) | G38: =SUM(H38:L38) | H38: ='5월 누계'!H38+'6월'!H38 | I38: ='5월 누계'!I38+'6월'!I38 | J38: ='5월 누계'!J38+'6월'!J38 | K38: ='5월 누계'!K38+'6월'!K38 | L38: ='5월 누계'!L38+'6월'!L38 | M38: ='5월 누계'!M38+'6월'!M38 | N38: =SUM(O38:U38) | O38: ='5월 누계'!O38+'6월'!O38 | P38: ='5월 누계'!P38+'6월'!P38 | Q38: ='5월 누계'!Q38+'6월'!Q38 | R38: ='5월 누계'!R38+'6월'!R38 | S38: ='5월 누계'!S38+'6월'!S38 | T38: ='5월 누계'!T38+'6월'!T38 | U38: ='5월 누계'!U38+'6월'!U38
C39: =D9 | D39: =G39+M39+N39 | E39: =D39-C39 | F39: =IFERROR(D39/C39,0) | G39: =SUM(H39:L39) | H39: ='5월 누계'!H39+'6월'!H39 | I39: ='5월 누계'!I39+'6월'!I39 | J39: ='5월 누계'!J39+'6월'!J39 | K39: ='5월 누계'!K39+'6월'!K39 | L39: ='5월 누계'!L39+'6월'!L39 | M39: ='5월 누계'!M39+'6월'!M39 | N39: =SUM(O39:U39) | O39: ='5월 누계'!O39+'6월'!O39 | P39: ='5월 누계'!P39+'6월'!P39 | Q39: ='5월 누계'!Q39+'6월'!Q39 | R39: ='5월 누계'!R39+'6월'!R39 | S39: ='5월 누계'!S39+'6월'!S39 | T39: ='5월 누계'!T39+'6월'!T39 | U39: ='5월 누계'!U39+'6월'!U39
C40: =D10 | D40: =G40+M40+N40 | E40: =D40-C40 | F40: =IFERROR(D40/C40,0) | G40: =SUM(H40:L40) | H40: ='5월 누계'!H40+'6월'!H40 | I40: ='5월 누계'!I40+'6월'!I40 | J40: ='5월 누계'!J40+'6월'!J40 | K40: ='5월 누계'!K40+'6월'!K40 | L40: ='5월 누계'!L40+'6월'!L40 | M40: ='5월 누계'!M40+'6월'!M40 | N40: =SUM(O40:U40) | O40: ='5월 누계'!O40+'6월'!O40 | P40: ='5월 누계'!P40+'6월'!P40 | Q40: ='5월 누계'!Q40+'6월'!Q40 | R40: ='5월 누계'!R40+'6월'!R40 | S40: ='5월 누계'!S40+'6월'!S40 | T40: ='5월 누계'!T40+'6월'!T40 | U40: ='5월 누계'!U40+'6월'!U40
C41: =D11 | D41: =G41+M41+N41 | E41: =D41-C41 | F41: =IFERROR(D41/C41,0) | G41: =SUM(H41:L41) | H41: =SUM(H42:H45) | I41: =SUM(I42:I45) | J41: =SUM(J42:J45) | K41: =SUM(K42:K45) | L41: =SUM(L42:L45) | M41: =SUM(M42:M45) | N41: =SUM(O41:U41) | O41: =SUM(O42:O45) | P41: =SUM(P42:P45) | Q41: =SUM(Q42:Q45) | R41: =SUM(R42:R45) | S41: =SUM(S42:S45) | T41: =SUM(T42:T45) | U41: =SUM(U42:U45)
C42: =D12 | D42: =G42+M42+N42 | E42: =D42-C42 | F42: =IFERROR(D42/C42,0) | G42: =SUM(H42:L42) | H42: ='5월 누계'!H42+'6월'!H42 | I42: ='5월 누계'!I42+'6월'!I42 | J42: ='5월 누계'!J42+'6월'!J42 | K42: ='5월 누계'!K42+'6월'!K42 | L42: ='5월 누계'!L42+'6월'!L42 | M42: ='5월 누계'!M42+'6월'!M42 | N42: =SUM(O42:U42) | O42: ='5월 누계'!O42+'6월'!O42 | P42: ='5월 누계'!P42+'6월'!P42 | Q42: ='5월 누계'!Q42+'6월'!Q42 | R42: ='5월 누계'!R42+'6월'!R42 | S42: ='5월 누계'!S42+'6월'!S42 | T42: ='5월 누계'!T42+'6월'!T42 | U42: ='5월 누계'!U42+'6월'!U42
C43: =D13 | D43: =G43+M43+N43 | E43: =D43-C43 | F43: =IFERROR(D43/C43,0) | G43: =SUM(H43:L43) | H43: ='5월 누계'!H43+'6월'!H43 | I43: ='5월 누계'!I43+'6월'!I43 | J43: ='5월 누계'!J43+'6월'!J43 | K43: ='5월 누계'!K43+'6월'!K43 | L43: ='5월 누계'!L43+'6월'!L43 | M43: ='5월 누계'!M43+'6월'!M43 | N43: =SUM(O43:U43) | O43: ='5월 누계'!O43+'6월'!O43 | P43: ='5월 누계'!P43+'6월'!P43 | Q43: ='5월 누계'!Q43+'6월'!Q43 | R43: ='5월 누계'!R43+'6월'!R43 | S43: ='5월 누계'!S43+'6월'!S43 | T43: ='5월 누계'!T43+'6월'!T43 | U43: ='5월 누계'!U43+'6월'!U43
C44: =D14 | D44: =G44+M44+N44 | E44: =D44-C44 | F44: =IFERROR(D44/C44,0) | G44: =SUM(H44:L44) | H44: ='5월 누계'!H44+'6월'!H44 | I44: ='5월 누계'!I44+'6월'!I44 | J44: ='5월 누계'!J44+'6월'!J44 | K44: ='5월 누계'!K44+'6월'!K44 | L44: ='5월 누계'!L44+'6월'!L44 | M44: ='5월 누계'!M44+'6월'!M44 | N44: =SUM(O44:U44) | O44: ='5월 누계'!O44+'6월'!O44 | P44: ='5월 누계'!P44+'6월'!P44 | Q44: ='5월 누계'!Q44+'6월'!Q44 | R44: ='5월 누계'!R44+'6월'!R44 | S44: ='5월 누계'!S44+'6월'!S44 | T44: ='5월 누계'!T44+'6월'!T44 | U44: ='5월 누계'!U44+'6월'!U44
C45: =D15 | D45: =G45+M45+N45 | E45: =D45-C45 | F45: =IFERROR(D45/C45,0) | G45: =SUM(H45:L45) | H45: ='5월 누계'!H45+'6월'!H45 | I45: ='5월 누계'!I45+'6월'!I45 | J45: ='5월 누계'!J45+'6월'!J45 | K45: ='5월 누계'!K45+'6월'!K45 | L45: ='5월 누계'!L45+'6월'!L45 | M45: ='5월 누계'!M45+'6월'!M45 | N45: =SUM(O45:U45) | O45: ='5월 누계'!O45+'6월'!O45 | P45: ='5월 누계'!P45+'6월'!P45 | Q45: ='5월 누계'!Q45+'6월'!Q45 | R45: ='5월 누계'!R45+'6월'!R45 | S45: ='5월 누계'!S45+'6월'!S45 | T45: ='5월 누계'!T45+'6월'!T45 | U45: ='5월 누계'!U45+'6월'!U45
C46: =D16 | D46: =G46+M46+N46 | E46: =D46-C46 | F46: =IFERROR(D46/C46,0) | G46: =SUM(H46:L46) | H46: =SUM(H47:H58) | I46: =SUM(I47:I58) | J46: =SUM(J47:J58) | K46: =SUM(K47:K58) | L46: =SUM(L47:L58) | M46: =SUM(M47:M58) | N46: =SUM(O46:U46) | O46: =SUM(O47:O58) | P46: =SUM(P47:P58) | Q46: =SUM(Q47:Q58) | R46: =SUM(R47:R58) | S46: =SUM(S47:S58) | T46: =SUM(T47:T58) | U46: =SUM(U47:U58)
C47: =D17 | D47: =G47+M47+N47 | E47: =D47-C47 | F47: =IFERROR(D47/C47,0) | G47: =SUM(H47:L47) | H47: ='5월 누계'!H47+'6월'!H47 | I47: ='5월 누계'!I47+'6월'!I47 | J47: ='5월 누계'!J47+'6월'!J47 | K47: ='5월 누계'!K47+'6월'!K47 | L47: ='5월 누계'!L47+'6월'!L47 | M47: ='5월 누계'!M47+'6월'!M47 | N47: =SUM(O47:U47) | O47: ='5월 누계'!O47+'6월'!O47 | P47: ='5월 누계'!P47+'6월'!P47 | Q47: ='5월 누계'!Q47+'6월'!Q47 | R47: ='5월 누계'!R47+'6월'!R47 | S47: ='5월 누계'!S47+'6월'!S47 | T47: ='5월 누계'!T47+'6월'!T47 | U47: ='5월 누계'!U47+'6월'!U47
C48: =D18 | D48: =G48+M48+N48 | E48: =D48-C48 | F48: =IFERROR(D48/C48,0) | G48: =SUM(H48:L48) | H48: ='5월 누계'!H48+'6월'!H48 | I48: ='5월 누계'!I48+'6월'!I48 | J48: ='5월 누계'!J48+'6월'!J48 | K48: ='5월 누계'!K48+'6월'!K48 | L48: ='5월 누계'!L48+'6월'!L48 | M48: ='5월 누계'!M48+'6월'!M48 | N48: =SUM(O48:U48) | O48: ='5월 누계'!O48+'6월'!O48 | P48: ='5월 누계'!P48+'6월'!P48 | Q48: ='5월 누계'!Q48+'6월'!Q48 | R48: ='5월 누계'!R48+'6월'!R48 | S48: ='5월 누계'!S48+'6월'!S48 | T48: ='5월 누계'!T48+'6월'!T48 | U48: ='5월 누계'!U48+'6월'!U48
C49: =D19 | D49: =G49+M49+N49 | E49: =D49-C49 | F49: =IFERROR(D49/C49,0) | G49: =SUM(H49:L49) | H49: ='5월 누계'!H49+'6월'!H49 | I49: ='5월 누계'!I49+'6월'!I49 | J49: ='5월 누계'!J49+'6월'!J49 | K49: ='5월 누계'!K49+'6월'!K49 | L49: ='5월 누계'!L49+'6월'!L49 | M49: ='5월 누계'!M49+'6월'!M49 | N49: =SUM(O49:U49) | O49: ='5월 누계'!O49+'6월'!O49 | P49: ='5월 누계'!P49+'6월'!P49 | Q49: ='5월 누계'!Q49+'6월'!Q49 | R49: ='5월 누계'!R49+'6월'!R49 | S49: ='5월 누계'!S49+'6월'!S49 | T49: ='5월 누계'!T49+'6월'!T49 | U49: ='5월 누계'!U49+'6월'!U49
C50: =D20 | D50: =G50+M50+N50 | E50: =D50-C50 | F50: =IFERROR(D50/C50,0) | G50: =SUM(H50:L50) | H50: ='5월 누계'!H50+'6월'!H50 | I50: ='5월 누계'!I50+'6월'!I50 | J50: ='5월 누계'!J50+'6월'!J50 | K50: ='5월 누계'!K50+'6월'!K50 | L50: ='5월 누계'!L50+'6월'!L50 | M50: ='5월 누계'!M50+'6월'!M50 | N50: =SUM(O50:U50) | O50: ='5월 누계'!O50+'6월'!O50 | P50: ='5월 누계'!P50+'6월'!P50 | Q50: ='5월 누계'!Q50+'6월'!Q50 | R50: ='5월 누계'!R50+'6월'!R50 | S50: ='5월 누계'!S50+'6월'!S50 | T50: ='5월 누계'!T50+'6월'!T50 | U50: ='5월 누계'!U50+'6월'!U50
C51: =D21 | D51: =G51+M51+N51 | E51: =D51-C51 | F51: =IFERROR(D51/C51,0) | G51: =SUM(H51:L51) | H51: ='5월 누계'!H51+'6월'!H51 | I51: ='5월 누계'!I51+'6월'!I51 | J51: ='5월 누계'!J51+'6월'!J51 | K51: ='5월 누계'!K51+'6월'!K51 | L51: ='5월 누계'!L51+'6월'!L51 | M51: ='5월 누계'!M51+'6월'!M51 | N51: =SUM(O51:U51) | O51: ='5월 누계'!O51+'6월'!O51 | P51: ='5월 누계'!P51+'6월'!P51 | Q51: ='5월 누계'!Q51+'6월'!Q51 | R51: ='5월 누계'!R51+'6월'!R51 | S51: ='5월 누계'!S51+'6월'!S51 | T51: ='5월 누계'!T51+'6월'!T51 | U51: ='5월 누계'!U51+'6월'!U51
C52: =D22 | D52: =G52+M52+N52 | E52: =D52-C52 | F52: =IFERROR(D52/C52,0) | G52: =SUM(H52:L52) | H52: ='5월 누계'!H52+'6월'!H52 | I52: ='5월 누계'!I52+'6월'!I52 | J52: ='5월 누계'!J52+'6월'!J52 | K52: ='5월 누계'!K52+'6월'!K52 | L52: ='5월 누계'!L52+'6월'!L52 | M52: ='5월 누계'!M52+'6월'!M52 | N52: =SUM(O52:U52) | O52: ='5월 누계'!O52+'6월'!O52 | P52: ='5월 누계'!P52+'6월'!P52 | Q52: ='5월 누계'!Q52+'6월'!Q52 | R52: ='5월 누계'!R52+'6월'!R52 | S52: ='5월 누계'!S52+'6월'!S52 | T52: ='5월 누계'!T52+'6월'!T52 | U52: ='5월 누계'!U52+'6월'!U52
